Date,Open,High,Low,Close,Volume,openinterest
2017-11-07,19.0,19.0,19.0,19.0,263,0
2017-11-08,18.95,18.95,18.95,18.95,1000,0
2017-11-09,18.25,18.25,17.75,18.25,2748,0
2017-11-10,18.0,18.0,18.0,18.0,267,0
2017-11-13,16.8,17.0,16.8,17.0,804,0
2017-11-14,16.5,16.5,16.5,16.5,210,0
2017-11-15,15.5,15.5,15.2,15.452,732,0
2017-11-16,15.5,15.5,15.2,15.2,1400,0
2017-11-17,15.25,15.5,14.65,14.65,1832,0
2017-11-20,15.5,15.5,15.3,15.3,1870,0
2017-11-21,15.35,15.35,15.3,15.35,2239,0
2017-11-22,15.0,15.0,15.0,15.0,317,0
2017-11-24,15.0,15.5,14.0,14.0,500,0
2017-11-29,14.25,14.5,14.25,14.5,1124,0
2017-11-30,14.5,14.5,14.5,14.5,200,0
2017-12-01,14.5,14.7,14.5,14.5,2355,0
2017-12-05,14.25,14.25,13.5,13.5,2495,0
2017-12-07,11.5,11.56,11.2,11.56,1469,0
2017-12-08,12.038,12.06,12.038,12.06,767,0
2017-12-11,11.58,12.27,11.58,12.27,2826,0
2017-12-12,11.41,11.59,11.41,11.59,3080,0
2017-12-13,12.0,12.0,11.9,12.0,2629,0
2017-12-14,12.71,13.52,12.71,13.52,3817,0
2017-12-15,13.09,13.2,12.7,13.2,2352,0
2017-12-18,13.7,14.68,13.68,14.02,17052,0
2017-12-19,14.63,15.75,14.63,15.75,853,0
2017-12-20,15.24,15.26,15.19,15.19,675,0
2017-12-21,14.5,14.89,14.5,14.89,4325,0
2017-12-22,14.6732,15.9,14.6732,14.72,3000,0
2017-12-26,14.89,15.31,14.89,15.25,2622,0
2017-12-27,15.22,15.22,15.22,15.22,227,0
2017-12-28,14.3,15.35,14.3,15.3,1500,0
2017-12-29,15.644,15.68,15.644,15.68,830,0
2018-01-02,15.71,15.71,15.71,15.71,263,0
2018-01-03,17.23,17.65,17.23,17.59,2306,0
2018-01-04,17.75,18.11,17.75,18.11,2710,0
2018-01-05,17.06,17.21,16.765,17.21,1635,0
2018-01-08,17.32,17.32,17.06,17.06,565,0
2018-01-09,17.26,17.39,17.26,17.39,675,0
2018-01-10,17.21,17.21,16.93,17.03,495,0
2018-01-11,16.99,17.11,16.99,17.11,349,0
2018-01-12,16.6,16.65,16.6,16.65,876,0
2018-01-16,16.36,16.36,16.36,16.36,245,0
2018-01-17,15.955,16.31,15.955,16.01,1600,0
2018-01-18,15.948,15.96,15.71,15.71,3754,0
2018-01-19,15.27,15.47,14.52,15.47,2763,0
2018-01-22,14.75,15.11,14.75,15.11,2430,0
2018-01-23,15.3,15.3,15.3,15.3,170,0
2018-01-24,15.37,15.41,15.37,15.41,796,0
2018-01-25,15.46,16.18,15.46,16.0,11646,0
2018-01-26,16.08,16.08,16.08,16.08,1097,0
2018-01-29,15.565,15.565,15.565,15.565,150,0
2018-01-30,15.02,15.02,15.02,15.02,700,0
2018-01-31,14.75,14.92,14.5,14.6,7714,0
2018-02-01,14.4,14.48,14.4,14.48,600,0
2018-02-02,14.91,14.91,14.91,14.91,261,0
2018-02-05,14.35,14.35,14.0,14.0,978,0
2018-02-06,12.81,12.9,12.72,12.86,3287,0
2018-02-08,14.1,14.1,13.8,13.8,3625,0
2018-02-09,13.21,13.33,13.21,13.33,200,0
2018-02-13,13.5,13.61,12.58,13.61,2276,0
2018-02-16,13.93,13.93,13.9,13.9,400,0
2018-02-23,13.56,13.66,13.22,13.66,700,0
2018-02-27,13.59,13.64,13.59,13.64,277,0
2018-02-28,13.22,13.22,13.22,13.22,600,0
2018-03-01,13.22,13.22,12.88,12.88,850,0
2018-03-05,13.13,13.13,13.13,13.13,202,0
2018-03-06,12.75,12.76,12.75,12.76,519,0
2018-03-07,13.33,13.33,13.33,13.33,307,0
2018-03-08,13.0,13.0,12.97,12.97,200,0
2018-03-19,11.74,11.94,11.74,11.91,5093,0
2018-03-20,11.79,11.79,11.79,11.79,1000,0
2018-03-22,11.92,11.92,11.72,11.79,600,0
2018-03-23,11.99,11.99,11.79,11.79,200,0
2018-03-26,11.85,11.85,11.85,11.85,500,0
2018-03-27,12.15,12.15,12.15,12.15,400,0
2018-03-28,12.08,12.08,12.08,12.08,200,0
2018-03-29,11.64,11.69,11.4,11.4,1359,0
2018-04-09,11.42,11.42,11.42,11.42,150,0
2018-04-10,11.62,11.62,11.62,11.62,100,0
2018-04-11,11.62,11.62,11.5,11.5,400,0
2018-04-12,11.9,12.15,11.9,12.15,700,0
2018-04-13,11.48,11.68,11.48,11.68,400,0
2018-04-17,11.25,11.25,11.25,11.25,346,0
2018-04-18,11.66,11.66,11.66,11.66,200,0
2018-04-20,11.28,11.28,11.28,11.28,300,0
2018-04-23,10.87,11.07,10.87,11.07,400,0
2018-04-24,11.61,11.61,11.6,11.6,3532,0
2018-04-26,11.6,11.6,11.6,11.6,200,0
2018-04-30,11.36,11.36,11.36,11.36,267,0
2018-05-02,11.83,12.03,11.83,12.03,7200,0
2018-05-07,12.75,12.75,12.75,12.75,100,0
2018-05-08,13.0,13.25,13.0,13.0,435,0
2018-05-09,13.89,13.89,13.5,13.5,800,0
2018-05-10,13.9,15.29,13.9,13.9,2823,0
2018-05-11,15.0,15.25,15.0,15.25,5500,0
2018-05-14,14.78,15.15,14.75,15.142000000000001,13531,0
2018-05-15,15.0,15.0,13.56,14.7047,2046,0
2018-05-16,13.7202,14.65,13.7202,14.3848,8164,0
2018-05-17,14.0,14.829,14.0,14.7,10719,0
2018-05-18,14.7,14.7,13.599,13.95,11460,0
2018-05-21,14.2,15.415,13.6501,14.5,22014,0
2018-05-22,17.0,17.0,14.48,14.65,4884,0
2018-05-23,14.25,14.3737,13.999,14.0,5355,0
2018-05-24,14.0,14.0,13.5,13.6457,5489,0
2018-05-25,13.511,13.8,13.511,13.52,3626,0
2018-05-29,13.9,13.9,13.53,13.62,3250,0
2018-05-30,13.56,13.88,13.501,13.783,5661,0
2018-05-31,13.52,13.8242,13.5,13.5,6756,0
2018-06-01,13.4,13.8782,13.4,13.75,1200,0
2018-06-04,13.8,13.8,13.8,13.8,200,0
2018-06-05,13.9,13.9,13.8,13.82,1600,0
2018-06-06,14.0,14.01,13.95,14.0,3005,0
2018-06-07,15.0,15.0,13.51,14.99,5352,0
2018-06-08,14.0,14.5536,13.999,14.1,9250,0
2018-06-11,16.0,17.98,14.71,15.1,17214,0
2018-06-12,14.9975,16.0,13.620999999999999,13.8,21708,0
2018-06-13,13.8,14.41,13.8,14.0,6647,0
2018-06-14,14.5,15.2162,14.26,15.0,11434,0
2018-06-15,16.1,16.1,15.0,16.0,12728,0
2018-06-18,16.54,16.54,15.5,15.95,4554,0
2018-06-19,15.52,15.77,15.1263,15.37,11612,0
2018-06-21,14.9,15.29,14.3258,14.3258,2585,0
2018-06-22,15.23,15.23,14.4787,14.7,5453,0
2018-06-25,14.7333,14.7618,14.100999999999999,14.7618,2311,0
2018-06-27,14.01,14.344000000000001,14.01,14.344000000000001,440,0
2018-06-28,14.86,14.86,14.4634,14.4634,700,0
2018-06-29,14.47,14.47,14.0,14.0,1333,0
2018-07-03,14.5,14.5,14.499,14.5,412,0
2018-07-05,14.25,15.58,13.9684,14.26,6797,0
2018-07-06,14.45,14.45,13.84,13.95,6485,0
2018-07-09,14.42,14.42,14.0,14.0,2484,0
2018-07-11,14.4999,14.4999,14.4999,14.4999,164,0
2018-07-12,14.0,14.0,13.41,13.41,8085,0
2018-07-13,13.46,13.46,13.35,13.35,1900,0
2018-07-17,13.9736,13.9736,13.16,13.4126,8201,0
2018-07-18,13.88,13.88,13.2307,13.25,5172,0
2018-07-19,14.9,14.9,14.0,14.4719,1260,0
2018-07-20,14.07,14.0871,13.9,13.9615,2650,0
2018-07-23,13.96,14.5,13.85,14.3,3192,0
2018-07-24,13.7,14.127,13.7,13.7,2216,0
2018-07-25,14.25,14.25,13.5,13.6768,3399,0
2018-07-26,13.7,14.8932,13.632,14.8932,2764,0
2018-07-27,14.85,14.85,14.1,14.1,2857,0
2018-07-31,14.4,14.4,14.38,14.38,234,0
2018-08-01,14.4753,14.4753,14.3591,14.3591,400,0
2018-08-02,14.25,14.25,13.15,13.9235,4051,0
2018-08-03,13.95,13.95,13.75,13.75,371,0
2018-08-06,13.41,13.9431,13.41,13.9431,664,0
2018-08-07,13.3,13.4331,13.07,13.31,6044,0
2018-08-08,13.08,13.08,12.93,12.93,4375,0
2018-08-09,13.1,13.1,12.93,12.93,929,0
2018-08-10,12.57,12.57,12.57,12.57,629,0
2018-08-13,12.57,12.9339,12.1501,12.3169,2247,0
2018-08-14,12.25,12.5625,12.01,12.5,2122,0
2018-08-15,12.35,12.35,11.79,11.79,3847,0
2018-08-16,12.98,12.98,11.76,12.3027,4754,0
2018-08-17,13.1015,13.1015,12.9,12.9,536,0
2018-08-20,13.2,13.2,12.98,13.0,7755,0
2018-08-21,12.6,12.6,12.5,12.5,1005,0
2018-08-22,12.542,12.6237,12.5,12.5,1540,0
2018-08-23,12.55,12.55,12.55,12.55,118,0
2018-08-24,12.45,12.45,11.8501,12.1,3362,0
2018-08-27,12.05,12.05,11.88,11.9061,2857,0
2018-08-28,11.86,12.0,11.86,12.0,758,0
2018-08-29,11.86,11.86,11.85,11.85,1195,0
2018-08-30,11.8,11.8,11.69,11.69,7154,0
2018-08-31,11.5027,11.5027,11.43,11.43,2051,0
2018-09-04,11.43,11.43,11.05,11.1233,6561,0
2018-09-05,11.0,11.1691,10.5534,11.1691,2073,0
2018-09-06,10.7,11.6,10.5649,11.3156,5471,0
2018-09-07,11.4068,11.4068,11.35,11.35,205,0
2018-09-10,11.38,11.38,10.7,11.0967,2086,0
2018-09-12,10.72,10.75,10.5,10.51,3575,0
2018-09-13,10.5101,10.5101,10.5101,10.5101,302,0
2018-09-17,10.52,11.0158,10.450999999999999,11.0158,1300,0
2018-09-18,11.25,11.25,11.25,11.25,164,0
2018-09-19,11.0,11.0,10.0,10.01,1546,0
2018-09-20,10.5,10.7,10.5,10.7,1481,0
2018-09-24,10.62,10.98,10.0,10.1505,10935,0
2018-09-25,10.5491,10.5491,10.1501,10.2433,1248,0
2018-09-26,10.5525,10.8,10.5465,10.8,1100,0
2018-09-27,10.8,10.8,10.55,10.55,1016,0
2018-09-28,10.6655,10.6655,10.6655,10.6655,242,0
2018-10-01,11.09,11.09,11.05,11.05,545,0
2018-10-03,10.24,10.24,10.22,10.22,907,0
2018-10-05,10.7,10.7642,10.311,10.69,8768,0
2018-10-08,10.66,10.66,10.66,10.66,318,0
2018-10-09,10.65,10.65,10.65,10.65,340,0
2018-10-10,10.3152,10.3152,10.15,10.15,656,0
2018-10-11,10.5,10.5,10.14,10.14,1485,0
2018-10-12,10.13,11.27,9.98,10.3,7619,0
2018-10-16,10.2899,10.2899,10.0,10.016,1202,0
2018-10-17,10.5,10.5,10.5,10.5,296,0
2018-10-18,10.5,10.5,9.96,9.96,490,0
2018-10-22,10.0,10.5,10.0,10.5,854,0
2018-10-23,10.1027,10.2999,10.1,10.11,4950,0
2018-10-24,10.08,10.2,10.0,10.0495,3931,0
2018-10-25,10.0,10.0,9.6,9.934,5051,0
2018-10-26,9.8125,9.8127,9.81,9.81,560,0
2018-10-29,9.84,9.84,9.6,9.6,1520,0
2018-10-30,9.6,9.6,9.4,9.5475,4002,0
2018-10-31,9.36,9.7312,9.36,9.7312,300,0
2018-11-01,9.4,9.4,9.0,9.01,2104,0
2018-11-02,9.0,9.3616,9.0,9.3616,1761,0
2018-11-05,9.39,9.567,9.35,9.567,1726,0
2018-11-08,9.1301,9.1301,9.07,9.07,802,0
2018-11-09,9.07,9.07,9.01,9.01,1603,0
2018-11-15,9.3809,9.3809,9.3809,9.3809,120,0
2018-11-16,9.46,9.75,9.46,9.75,2065,0
2018-11-19,9.97,9.97,9.5,9.6799,2247,0
2018-11-20,9.6173,9.6173,9.6173,9.6173,108,0
2018-11-21,9.5,9.5,9.25,9.25,1385,0
2018-11-23,9.45,9.5616,9.3,9.4,3529,0
2018-11-26,9.69,9.69,9.32,9.32,2385,0
2018-11-27,9.25,9.25,9.15,9.24,2370,0
2018-11-28,9.24,9.24,9.2337,9.2337,523,0
2018-12-03,9.1771,9.222999999999999,9.1771,9.222999999999999,726,0
2018-12-06,9.15,9.15,8.76,8.76,2897,0
2018-12-07,8.51,8.92,8.51,8.6,2800,0
2018-12-10,8.7,9.24,8.7,9.24,2123,0
2018-12-11,8.51,8.51,8.51,8.51,435,0
2018-12-12,8.36,8.36,8.36,8.36,163,0
2018-12-13,8.16,8.16,8.01,8.01,773,0
2018-12-14,8.01,8.01,7.7,7.8,1335,0
2018-12-17,7.75,7.75,7.75,7.75,737,0
2018-12-18,7.61,7.71,7.51,7.56,1838,0
2018-12-19,8.0,8.0,7.2,7.2,2708,0
2018-12-21,5.76,6.12,5.76,6.12,758,0
2018-12-26,6.35,7.69,6.35,7.08,1864,0
2018-12-27,7.45,7.45,6.9066,6.9066,1011,0
2018-12-28,5.86,7.2,5.81,6.55,2088,0
2018-12-31,6.7,6.7,6.0,6.13,37690,0
2019-01-03,6.14,6.14,6.05,6.05,661,0
2019-01-04,6.4812,6.484,6.45,6.45,1545,0
2019-01-07,7.8,8.21,7.3864,7.3864,1113,0
2019-01-08,7.5,7.5,7.5,7.5,212,0
2019-01-09,7.5,7.9999,7.5,7.99,1774,0
2019-01-10,7.99,8.74,7.67,7.72,4448,0
2019-01-11,6.95,6.95,6.95,6.95,100,0
2019-01-14,7.31,7.718999999999999,7.31,7.4277,1543,0
2019-01-15,7.48,7.48,7.42,7.42,3009,0
2019-01-16,7.55,7.99,7.55,7.6,3056,0
2019-01-17,7.6,7.68,7.55,7.55,3629,0
2019-01-18,7.45,7.62,7.35,7.35,1746,0
2019-01-22,7.5,7.6,7.5,7.553999999999999,4891,0
2019-01-23,7.6,7.6,7.35,7.35,8433,0
2019-01-24,7.38,7.51,7.315,7.315,6511,0
2019-01-25,7.3227,7.5999,7.0,7.5,8313,0
2019-01-28,7.5,7.5,7.5,7.5,3325,0
2019-01-29,7.15,7.2027,6.15,7.1027,10761,0
2019-01-30,7.59,7.59,7.35,7.41,4958,0
2019-01-31,7.539,7.539,7.41,7.41,1565,0
2019-02-01,7.4,7.4984,7.25,7.3,4968,0
2019-02-04,7.31,7.5,7.07,7.17,2270,0
2019-02-05,7.3,7.4899,7.3,7.4899,3144,0
2019-02-06,7.49,7.49,7.49,7.49,111,0
2019-02-07,7.6827,7.99,7.2355,7.48,3833,0
2019-02-08,7.3563,7.41,7.15,7.3,4595,0
2019-02-11,7.3,8.36,7.3,7.6,2391,0
2019-02-12,7.4566,7.4999,7.4,7.4,1235,0
2019-02-13,7.4927,7.5,7.3927,7.3927,1346,0
2019-02-14,7.76,7.76,7.3407,7.35,1935,0
2019-02-15,7.48,7.53,7.29,7.29,2168,0
2019-02-19,7.89,7.89,7.0,7.31,7505,0
2019-02-21,7.01,7.4,7.01,7.2,7106,0
2019-02-22,7.25,7.6,7.25,7.48,5409,0
2019-02-25,7.7325,7.7325,7.24,7.52,12826,0
2019-02-26,7.5,8.065,7.5,7.77,14582,0
2019-02-27,7.75,7.85,7.66,7.74,6006,0
2019-02-28,7.7,7.9,7.54,7.63,9327,0
2019-03-01,7.77,8.15,7.72,7.72,4024,0
2019-03-04,7.8,7.8713,7.6389,7.66,7638,0
2019-03-05,7.74,8.05,7.2481,7.3573,12453,0
2019-03-06,7.41,7.69,7.4,7.69,3043,0
2019-03-07,8.1827,8.1827,7.4,7.68,9957,0
2019-03-08,7.8327,7.9,7.4,7.76,24764,0
2019-03-11,7.84,8.2054,7.7056,8.05,6172,0
2019-03-12,8.3,8.35,7.9112,7.9499,5430,0
2019-03-13,8.2,8.2,7.69,7.925,3759,0
2019-03-14,7.69,8.187000000000001,7.5,7.7,15809,0
2019-03-15,8.1339,8.1339,7.6049,8.05,5133,0
2019-03-18,7.75,7.9808,7.55,7.71,8867,0
2019-03-19,7.62,7.989,7.581,7.9514,4856,0
2019-03-20,7.82,8.15,7.6,8.0,13519,0
2019-03-21,7.89,7.89,7.61,7.61,3299,0
2019-03-22,7.7,7.9,7.66,7.85,1558,0
2019-03-25,7.8323,7.8323,7.83,7.83,333,0
2019-03-26,7.727,7.82,7.727,7.75,1265,0
2019-03-27,7.67,7.92,7.67,7.8518,1370,0
2019-03-28,7.7054,7.8144,7.7054,7.79,3360,0
2019-03-29,7.75,7.8857,7.65,7.75,4358,0
2019-04-01,7.8420000000000005,8.8028,7.8420000000000005,8.3249,42891,0
2019-04-02,8.54,8.54,7.9114,8.2,18405,0
2019-04-03,8.28,9.0478,8.28,8.9,9344,0
2019-04-04,9.106,9.7024,8.83,9.589,10102,0
2019-04-05,9.67,9.67,8.8478,8.9638,23553,0
2019-04-08,9.14,9.75,9.0,9.7118,3400,0
2019-04-09,9.82,11.2855,9.82,11.22,11641,0
2019-04-10,12.124,12.1995,11.2756,11.658,13079,0
2019-04-11,12.18,12.18,11.03,12.18,16436,0
2019-04-12,12.16,12.16,10.86,11.33,7963,0
2019-04-15,11.125,11.4999,11.125,11.3414,3417,0
2019-04-16,13.1,13.1,11.3736,11.41,36012,0
2019-04-17,12.75,14.0,11.294,12.79,39245,0
2019-04-18,13.75,13.75,12.8503,13.5,22697,0
2019-04-22,13.57,13.57,13.15,13.2246,9154,0
2019-04-23,13.4,13.4,12.35,12.99,8732,0
2019-04-24,12.76,12.76,11.4,11.55,16546,0
2019-04-25,11.39,11.9999,11.0101,11.55,7541,0
2019-04-26,11.17,11.17,10.45,10.55,6750,0
2019-04-29,10.46,10.5,10.1324,10.15,2528,0
2019-04-30,10.03,10.9025,9.8993,10.15,13754,0
2019-05-01,10.2412,10.2412,10.1,10.1,2347,0
2019-05-02,10.497,10.5,10.25,10.3799,2516,0
2019-05-03,10.96,11.0961,10.77,11.0961,1940,0
2019-05-06,10.5525,10.5525,10.5341,10.55,2198,0
2019-05-07,11.29,11.5997,11.2174,11.4743,5683,0
2019-05-08,11.5907,11.5907,10.5201,10.5201,1830,0
2019-05-09,11.3,11.5,11.3,11.4473,7349,0
2019-05-10,12.1512,12.1512,12.1512,12.1512,434,0
2019-05-13,11.7999,12.7268,11.64,11.9,3004,0
2019-05-14,11.75,11.75,11.25,11.3565,4806,0
2019-05-15,11.37,11.5,11.35,11.35,1431,0
2019-05-16,11.4348,11.4348,10.9,11.15,1195,0
2019-05-17,11.1092,11.335999999999999,11.1092,11.335999999999999,653,0
2019-05-20,11.0999,11.13,11.0701,11.1,1371,0
2019-05-21,11.3,11.3,11.0,11.2,1385,0
2019-05-22,11.5,12.15,11.5,12.0925,1982,0
2019-05-23,11.52,11.82,11.5,11.5079,1859,0
2019-05-24,12.38,12.38,11.5,12.1937,12173,0
2019-05-28,11.99,11.99,11.33,11.52,3233,0
2019-05-29,11.745,11.745,11.46,11.51,3657,0
2019-05-30,11.95,11.95,11.48,11.9,982,0
2019-05-31,11.7443,11.85,11.51,11.85,2268,0
2019-06-03,11.97,11.97,11.97,11.97,362,0
2019-06-04,11.8,11.8,11.7002,11.7002,3088,0
2019-06-05,11.7,11.7,11.6,11.6,1594,0
2019-06-06,11.64,11.9137,11.5761,11.9137,4978,0
2019-06-07,11.91,11.91,11.59,11.6,1882,0
2019-06-10,11.92,11.92,11.62,11.648,1775,0
2019-06-11,11.92,11.92,11.92,11.92,463,0
2019-06-12,11.92,11.92,11.68,11.9,1411,0
2019-06-13,11.71,11.71,11.5,11.65,3668,0
2019-06-14,11.7,11.79,11.5,11.7112,5650,0
2019-06-17,11.92,11.92,11.5,11.5,697,0
2019-06-18,11.53,11.61,11.5,11.5,450,0
2019-06-19,11.5,11.79,11.25,11.25,1731,0
2019-06-20,11.94,11.94,11.3856,11.55,5128,0
2019-06-21,11.95,11.95,11.95,11.95,294,0
2019-06-24,11.7499,11.7499,11.2206,11.2206,1435,0
2019-06-25,11.6563,11.7,11.46,11.46,2895,0
2019-06-26,11.8,11.86,11.78,11.85,2209,0
2019-06-27,11.95,11.95,11.95,11.95,506,0
2019-06-28,11.8439,11.9,11.5,11.74,1789,0
2019-07-03,11.68,11.75,11.4642,11.62,2409,0
2019-07-05,11.544,11.544,11.2685,11.2685,288,0
2019-07-08,11.2,11.2699,10.96,11.2699,2607,0
2019-07-09,10.95,10.96,10.01,10.8699,4550,0
2019-07-10,10.86,10.86,10.85,10.86,520,0
2019-07-11,10.5,10.8038,10.25,10.35,3464,0
2019-07-12,10.3,10.3,10.0,10.0685,3108,0
2019-07-15,9.96,10.2256,9.9289,10.2256,2011,0
2019-07-16,10.22,10.22,9.99,9.99,588,0
2019-07-17,10.63,10.63,10.5,10.5,568,0
2019-07-18,10.56,10.56,10.2123,10.2123,1132,0
2019-07-19,10.11,10.2,9.92,10.05,5114,0
2019-07-22,10.2,10.2,9.99,10.0473,3019,0
2019-07-23,10.1996,10.2027,10.06,10.06,1102,0
2019-07-24,10.1,10.15,10.1,10.15,711,0
2019-07-25,9.94,9.94,9.94,9.94,325,0
2019-07-26,10.2,10.5,10.0,10.5,918,0
2019-07-29,10.4,10.4,9.93,9.93,2974,0
2019-07-31,10.0,10.5241,9.9725,9.9725,2689,0
2019-08-01,10.18,10.18,10.0,10.0,420,0
2019-08-02,9.9714,9.9714,9.9714,9.9714,212,0
2019-08-05,9.85,9.85,9.2,9.6,3821,0
2019-08-06,9.57,9.57,9.115,9.4,8582,0
2019-08-07,9.2,9.3465,9.0801,9.3,1810,0
2019-08-08,9.3001,9.3001,9.3001,9.3001,474,0
2019-08-09,9.39,9.7,9.3201,9.7,1624,0
2019-08-12,9.5642,9.5642,9.5642,9.5642,124,0
2019-08-13,9.1,9.3885,9.1,9.2982,1352,0
2019-08-14,9.08,9.15,9.08,9.15,1934,0
2019-08-15,9.11,9.46,9.08,9.2,10276,0
2019-08-16,9.1,9.2,9.08,9.15,5514,0
2019-08-19,9.5,9.5,8.8,8.9349,7288,0
2019-08-20,8.67,8.69,8.55,8.69,1765,0
2019-08-21,8.5379,8.71,8.0527,8.25,11505,0
2019-08-22,8.5,8.5,8.25,8.25,578,0
2019-08-23,8.79,9.97,8.5,9.07,10979,0
2019-08-26,9.0,9.07,8.51,8.51,12946,0
2019-08-27,8.78,8.78,8.6,8.6,1169,0
2019-08-28,8.6,8.649,8.6,8.6232,1842,0
2019-08-29,8.65,9.5,8.65,8.85,3034,0
2019-08-30,8.6,8.7022,8.3,8.6585,5796,0
2019-09-03,8.27,8.27,7.4,7.4,12913,0
2019-09-04,7.6801,7.8663,7.6801,7.83,2026,0
2019-09-05,7.4,7.6033,7.05,7.2,9888,0
2019-09-06,7.3,7.32,7.1973,7.2,2312,0
2019-09-09,7.2001,7.55,7.2001,7.4649,2866,0
2019-09-10,7.13,7.41,7.01,7.13,5486,0
2019-09-11,7.05,7.45,7.05,7.25,3810,0
2019-09-12,7.06,7.22,7.06,7.22,692,0
2019-09-16,7.2,7.25,7.07,7.08,2268,0
2019-09-17,7.4518,7.4639999999999995,7.26,7.3,3928,0
2019-09-18,7.35,7.35,7.15,7.2105,1730,0
2019-09-19,7.12,7.12,6.7452,7.1,11312,0
2019-09-20,6.95,6.98,6.728,6.84,9661,0
2019-09-23,6.8219,6.9219,6.8219,6.8772,1266,0
2019-09-24,6.46,6.8707,6.4496,6.4496,4865,0
2019-09-25,6.41,6.5,6.41,6.5,558,0
2019-09-26,6.7801,6.7801,6.36,6.41,3532,0
2019-09-27,6.577999999999999,6.577999999999999,6.577999999999999,6.577999999999999,201,0
2019-09-30,6.9395,6.9395,6.9,6.9,794,0
2019-10-01,6.522,6.5587,6.522,6.5587,848,0
2019-10-02,6.8,6.88,6.7247,6.88,3323,0
2019-10-03,6.66,6.66,6.05,6.4579,4964,0
2019-10-04,6.47,6.47,6.4,6.45,560,0
2019-10-07,6.35,6.5,6.3477,6.5,2255,0
2019-10-08,6.4011,6.51,6.0501,6.3965,3827,0
2019-10-09,6.46,6.7,6.21,6.21,5159,0
2019-10-10,6.18,6.2010000000000005,6.176,6.2010000000000005,1946,0
2019-10-11,6.3,6.83,6.3,6.5,10196,0
2019-10-14,6.5,6.5,6.3,6.49,1822,0
2019-10-15,6.46,6.5,6.46,6.5,371,0
2019-10-16,6.59,6.7813,6.59,6.7799,2020,0
2019-10-17,7.0509,9.01,7.0509,8.737,5204,0
2019-10-18,8.25,8.25,7.64,7.8633,2966,0
2019-10-21,7.75,8.25,7.72,7.77,3421,0
2019-10-22,7.88,8.2,7.88,8.0773,2558,0
2019-10-23,7.88,7.88,7.86,7.87,1348,0
2019-10-24,8.0,8.3,7.88,8.29,8352,0
2019-10-25,8.3,8.55,8.3,8.357999999999999,3033,0
2019-10-28,8.54,9.13,8.48,8.79,7529,0
2019-10-29,8.7,8.7,8.4,8.55,3064,0
2019-10-30,8.6,8.6,8.0687,8.2,5371,0
2019-10-31,8.21,8.24,8.1714,8.2014,2557,0
2019-11-01,8.149,8.175,7.9,7.91,3160,0
2019-11-04,7.94,8.065,7.85,7.86,2673,0
2019-11-06,7.9,8.065,7.8477,7.9,2527,0
2019-11-07,8.24,8.24,7.85,7.85,1162,0
2019-11-08,7.8,7.8,7.31,7.5294,2659,0
2019-11-11,7.54,7.85,7.53,7.85,2282,0
2019-11-12,7.7027,7.825,7.68,7.68,2334,0
2019-11-13,7.38,7.5,7.0,7.0,2913,0
2019-11-14,7.06,7.15,7.06,7.15,1920,0
2019-11-15,7.05,7.0711,7.05,7.0711,2729,0
2019-11-18,7.0,7.05,7.0,7.05,2016,0
2019-11-19,7.0,7.04,7.0,7.04,1893,0
2019-11-20,7.1624,7.1624,7.0,7.0,557,0
2019-11-22,7.0507,7.0507,7.05,7.05,958,0
2019-11-25,7.06,7.4477,7.06,7.21,1008,0
2019-11-26,7.07,7.9805,7.07,7.51,10277,0
2019-11-27,7.7,8.04,7.65,7.6527,5406,0
2019-11-29,8.01,8.01,7.65,7.65,1344,0
2019-12-02,7.61,7.65,7.55,7.55,2061,0
2019-12-03,7.3409,7.4822,7.07,7.07,2834,0
2019-12-04,7.15,7.62,7.0804,7.0804,3110,0
2019-12-05,7.3629999999999995,7.62,7.12,7.62,3628,0
2019-12-06,7.7,7.7,7.5,7.5,13379,0
2019-12-09,7.63,7.635,7.4382,7.4382,2957,0
2019-12-10,7.55,7.64,7.445,7.56,4264,0
2019-12-11,7.95,7.95,7.3,7.64,6344,0
2019-12-12,7.64,7.64,7.6,7.6,3265,0
2019-12-13,7.64,7.96,7.64,7.957999999999999,1799,0
2019-12-16,7.96,8.54,7.6001,8.3718,6444,0
2019-12-17,8.34,8.34,7.64,8.18,4528,0
2019-12-18,8.26,8.34,7.917000000000001,8.34,5840,0
2019-12-19,8.26,8.26,7.77,7.78,5756,0
2019-12-20,8.1904,8.1904,7.8219,8.1588,1248,0
2019-12-23,8.1,8.1,7.6641,8.09,5992,0
2019-12-24,8.1,8.5007,8.1,8.154,2887,0
2019-12-26,8.4,8.4,8.3119,8.32,894,0
2019-12-27,8.2,8.27,8.15,8.26,3400,0
2019-12-30,8.15,8.66,8.15,8.323,6489,0
2019-12-31,8.4904,8.5,8.2604,8.2604,3648,0
2020-01-02,8.3124,8.5928,8.3,8.3,2741,0
2020-01-03,8.45,8.65,8.35,8.35,7045,0
2020-01-06,8.57,8.6,8.2,8.46,7036,0
2020-01-07,8.4186,8.4864,8.3,8.3,5074,0
2020-01-08,8.32,8.45,8.32,8.35,6308,0
2020-01-09,8.37,9.3446,8.37,9.2573,5618,0
2020-01-10,9.3,9.9822,9.17,9.76,11046,0
2020-01-13,9.8,10.3098,9.8,10.05,15394,0
2020-01-14,10.0,10.0,9.4299,9.79,8070,0
2020-01-15,9.85,10.0,9.7956,9.95,1518,0
2020-01-16,9.9,9.9,9.5,9.75,12592,0
2020-01-17,9.74,9.74,9.26,9.5,9557,0
2020-01-21,9.25,10.03,9.25,9.6,7750,0
2020-01-22,9.3,9.5,9.1984,9.1984,14026,0
2020-01-23,9.2,9.35,9.0,9.0,3481,0
2020-01-24,9.469,9.469,9.0,9.0,2615,0
2020-01-27,9.0,9.38,8.9762,8.9999,5503,0
2020-01-28,9.2,9.2,8.6172,8.8214,5123,0
2020-01-29,8.64,8.64,8.1,8.3255,6702,0
2020-01-30,8.45,8.7,8.302,8.5,7173,0
2020-01-31,8.5,8.5,8.3747,8.3747,9752,0
2020-02-04,8.34,8.4799,8.1,8.43,10925,0
2020-02-05,8.2646,8.2646,8.2646,8.2646,392,0
2020-02-06,8.27,8.8392,8.27,8.5143,1548,0
2020-02-07,8.85,8.95,8.3288,8.3288,2986,0
2020-02-10,8.25,8.6676,8.25,8.4441,2280,0
2020-02-11,8.6,8.6,8.2919,8.2919,1988,0
2020-02-12,8.566,8.7894,8.566,8.6559,2096,0
2020-02-13,8.81,8.81,8.6,8.6,2366,0
2020-02-14,8.6,8.79,8.4,8.6,6187,0
2020-02-18,8.81,8.94,8.7224,8.8,6586,0
2020-02-19,8.93,8.93,8.41,8.46,14687,0
2020-02-20,8.46,8.46,8.3522,8.4,7100,0
2020-02-21,8.39,8.8,8.39,8.8,4795,0
2020-02-24,8.97,8.97,8.39,8.64,8967,0
2020-02-25,8.4,8.42,8.15,8.15,9430,0
2020-02-26,8.05,8.05,7.6509,7.7083,7387,0
2020-02-27,7.87,7.91,7.5445,7.91,6125,0
2020-02-28,7.91,7.91,7.31,7.5,12393,0
2020-03-02,7.35,7.4,6.81,7.025,13772,0
2020-03-03,7.2,7.2,7.0301,7.1,1251,0
2020-03-04,7.81,8.054,7.35,7.71,11537,0
2020-03-05,7.58,7.58,6.91,7.2166,8684,0
2020-03-06,7.1,7.15,7.0,7.05,13272,0
2020-03-09,6.65,6.8,6.33,6.35,18308,0
2020-03-10,6.4,6.6793,6.36,6.5004,15568,0
2020-03-11,6.7232,6.9112,6.39,6.39,2255,0
2020-03-12,6.5,6.5,5.42,5.6,13770,0
2020-03-13,5.35,6.027,5.34,5.71,10430,0
2020-03-16,5.2,5.57,5.0,5.0,5395,0
2020-03-17,5.0,5.46,4.0,5.45,7933,0
2020-03-18,4.91,4.91,4.26,4.65,9697,0
2020-03-19,4.41,4.84,4.31,4.55,7427,0
2020-03-20,4.55,4.99,4.35,4.45,16654,0
2020-03-23,4.67,4.67,4.07,4.1164,15486,0
2020-03-24,4.12,4.45,4.1,4.3,9077,0
2020-03-25,4.47,4.8,4.2315,4.65,9615,0
2020-03-26,4.66,5.15,4.5,4.7869,10360,0
2020-03-27,4.76,5.53,4.75,4.75,4569,0
2020-03-30,5.23,6.5,5.0,5.49,15073,0
2020-03-31,5.3245,5.3245,5.05,5.09,5295,0
2020-04-01,5.0292,5.654,5.0,5.49,7367,0
2020-04-02,5.3,5.3,4.7894,4.85,5783,0
2020-04-03,4.9,4.97,4.5301,4.93,4458,0
2020-04-06,4.909,5.38,4.9,5.0002,6893,0
2020-04-07,5.38,5.38,4.95,5.14,4240,0
2020-04-08,5.25,5.25,5.175,5.2,953,0
2020-04-09,5.2,5.4,5.02,5.02,15199,0
2020-04-13,5.2,5.4999,5.02,5.28,3680,0
2020-04-14,5.0701,5.4,5.0701,5.4,4307,0
2020-04-15,5.4,5.4,5.0,5.0,1057,0
2020-04-16,5.3678,5.3678,5.1942,5.1942,1570,0
2020-04-17,5.3623,5.3623,5.1397,5.2,1995,0
2020-04-20,5.3,5.4499,5.2,5.268,3655,0
2020-04-21,5.33,5.33,5.01,5.1,1542,0
2020-04-22,5.1,5.24,5.1,5.24,1302,0
2020-04-23,5.0426,5.19,5.0426,5.15,2673,0
2020-04-24,5.25,5.25,5.01,5.0675,735,0
2020-04-27,5.25,6.98,5.25,6.39,24321,0
2020-04-28,6.9,6.9,6.1186,6.36,11136,0
2020-04-29,6.18,6.3,5.56,6.2999,9035,0
2020-04-30,6.3157,6.3157,6.099,6.29,1938,0
2020-05-01,6.3,6.9196,6.3,6.8877,2244,0
2020-05-04,6.5,6.5,5.79,6.1991,4834,0
2020-05-05,6.25,6.375,5.85,5.85,4188,0
2020-05-06,6.02,6.11,6.02,6.1098,1531,0
2020-05-07,6.4,6.45,6.4,6.45,2044,0
2020-05-08,6.47,6.7,6.47,6.58,2954,0
2020-05-11,6.7,7.0,6.7,6.99,4984,0
2020-05-12,6.59,7.0127,6.46,6.6794,2889,0
2020-05-13,6.55,6.8837,6.0999,6.84,5488,0
2020-05-14,6.9,7.2005,6.85,7.2005,9747,0
2020-05-15,7.14,7.4997,7.0,7.4997,4551,0
2020-05-18,7.49,7.64,7.28,7.3905,6806,0
2020-05-19,7.57,7.75,7.2601,7.74,8647,0
2020-05-20,7.7,7.84,7.6621,7.745,3090,0
2020-05-21,7.57,7.85,7.57,7.8141,4193,0
2020-05-22,7.85,7.85,7.65,7.8465,10573,0
2020-05-26,7.89,7.93,7.73,7.76,8833,0
2020-05-27,7.83,8.6599,7.8132,8.1,16815,0
2020-05-28,8.15,8.4,7.6,8.1528,30272,0
2020-05-29,8.05,8.0891,7.75,7.75,7989,0
2020-06-01,7.5806,7.8299,7.3,7.45,12066,0
2020-06-02,7.64,8.13,7.4,7.795,8566,0
2020-06-03,7.85,8.43,7.85,8.3511,7457,0
2020-06-04,8.45,9.19,7.96,8.51,41101,0
2020-06-05,8.9,8.94,8.22,8.26,19955,0
2020-06-09,6.75,6.75,6.29,6.39,247526,0
2020-06-10,6.5,6.5,6.3,6.3,66164,0
2020-06-11,6.4,6.4,6.01,6.06,62377,0
2020-06-12,6.28,6.28,6.06,6.155,46585,0
2020-06-15,6.09,6.1,6.05,6.05,25567,0
2020-06-16,6.1,6.25,5.9,5.95,57492,0
2020-06-17,6.0999,6.2,6.02,6.055,44138,0
2020-06-18,6.04,6.2,6.04,6.11,29431,0
2020-06-19,6.23,6.23,5.95,5.97,36162,0
2020-06-22,6.02,6.02,5.85,5.92,30865,0
2020-06-23,5.94,5.9899,5.85,5.91,51028,0
2020-06-24,6.01,6.0999,5.5,5.81,58418,0
2020-06-25,5.92,5.9524,5.75,5.75,8702,0
2020-06-26,5.67,5.715,5.5,5.5692,20394,0
2020-06-29,5.52,5.74,5.5,5.615,8466,0
2020-06-30,5.69,6.2,5.555,5.77,19911,0
2020-07-01,5.87,5.9899,5.45,5.52,37669,0
2020-07-02,5.82,5.99,5.53,5.57,12723,0
2020-07-06,5.6,6.28,5.6,6.17,62086,0
2020-07-07,6.19,6.1999,6.01,6.05,10426,0
2020-07-08,6.15,6.34,6.06,6.23,74735,0
2020-07-09,6.49,6.83,6.4,6.61,278104,0
2020-07-10,6.8,6.85,6.61,6.73,185259,0
2020-07-13,6.64,6.917000000000001,6.2,6.24,98496,0
2020-07-14,6.38,6.45,6.1,6.29,49129,0
2020-07-15,6.3,6.43,6.26,6.31,27104,0
2020-07-16,6.45,6.67,6.41,6.6,133598,0
2020-07-17,6.8,6.9,6.72,6.8,128146,0
2020-07-20,7.5,7.5979,7.3,7.43,382507,0
2020-07-21,7.43,7.7,7.35,7.52,204271,0
2020-07-22,7.52,7.7113,7.5,7.59,115402,0
2020-07-23,7.9,7.9,7.5,7.67,197027,0
2020-07-24,7.79,7.79,7.5,7.62,74886,0
2020-07-27,7.66,7.8,7.62,7.78,115544,0
2020-07-28,7.78,7.85,7.02,7.14,199789,0
2020-07-29,7.1,7.1,6.55,6.75,150166,0
2020-07-30,6.7,7.005,6.66,6.92,107857,0
2020-07-31,6.95,7.14,6.45,6.5,92445,0
2020-08-03,6.62,6.62,6.21,6.37,125775,0
2020-08-04,6.41,6.6,6.25,6.45,185690,0
2020-08-05,6.54,6.6,6.46,6.55,73167,0
2020-08-06,6.54,6.7,6.5,6.51,70494,0
2020-08-07,6.55,6.6585,6.33,6.5,77464,0
2020-08-10,6.56,6.6327,6.45,6.57,49922,0
2020-08-11,6.54,6.7,6.5,6.51,65099,0
2020-08-12,6.51,6.574,6.15,6.34,93414,0
2020-08-13,6.31,6.56,6.21,6.39,43314,0
2020-08-14,6.39,6.5699,6.33,6.44,40014,0
2020-08-17,6.54,6.66,6.37,6.6,83012,0
2020-08-18,6.64,6.7,6.49,6.54,38221,0
2020-08-19,6.62,6.62,6.25,6.4,48832,0
2020-08-20,6.47,6.48,6.09,6.18,59400,0
2020-08-21,6.18,6.2,6.0,6.05,82521,0
2020-08-24,6.11,6.14,5.8,5.98,65107,0
2020-08-25,5.95,6.17,5.94,6.08,34341,0
2020-08-26,6.15,6.15,5.8203,6.15,54374,0
2020-08-27,6.13,6.25,5.9479999999999995,6.19,48124,0
2020-08-28,6.28,6.28,5.85,6.05,95922,0
2020-08-31,6.14,6.28,5.94,6.06,67771,0
2020-09-01,6.01,6.11,5.86,6.1,67292,0
2020-09-02,6.3,6.37,6.1,6.2,76407,0
2020-09-03,6.25,6.27,6.01,6.19,46400,0
2020-09-04,6.11,6.17,5.87,6.06,46770,0
2020-09-08,5.94,6.11,5.87,6.01,60149,0
2020-09-09,6.05,6.45,6.05,6.4,39502,0
2020-09-10,6.49,6.6,6.48,6.6,64378,0
2020-09-11,6.6,7.25,6.495,7.05,94802,0
2020-09-14,7.05,7.6,7.02,7.26,91516,0
2020-09-15,7.26,7.63,7.1501,7.61,81908,0
2020-09-16,8.0,8.47,7.9237,8.3,152552,0
2020-09-17,8.79,11.7,8.55,11.0,1003406,0
2020-09-28,36.98,54.5,26.8,37.0,49382542,0
2020-09-29,31.25,34.5,25.35,25.38,8076578,0
2020-09-30,23.36,27.47,22.22,23.42,5746510,0
2020-10-01,26.3,27.5,25.21,25.31,2773318,0
2020-10-02,23.51,28.6,23.3,26.11,3179064,0
2020-10-05,29.06,39.08,27.5,34.66,11608574,0
2020-10-06,40.0,49.45,39.07,42.0,16612407,0
2020-10-07,46.19,48.95,41.21,42.84,6661960,0
2020-10-08,41.55,41.8,36.8501,38.85,2932925,0
2020-10-09,41.11,41.5,38.02,39.11,1461320,0
2020-10-12,37.0,37.0582,33.8,34.4,2242207,0
2020-10-13,32.16,35.5,32.0,32.0,1458369,0
2020-10-14,33.3,36.79,33.0,33.71,2607623,0
2020-10-15,32.1,33.69,31.44,32.8,695979,0
2020-10-16,33.01,33.415,29.5002,30.14,961574,0
2020-10-19,30.27,31.5,29.1,29.2,629138,0
2020-10-22,26.98,28.85,25.5,27.01,1822506,0
2020-10-23,27.26,27.95,25.56,25.78,625485,0
2020-10-26,25.0,25.95,23.09,24.29,710910,0
2020-10-27,24.2,24.445,23.01,23.3,387471,0
2020-10-28,22.98,22.98,20.74,21.2,607981,0
2020-10-29,22.16,24.013,21.3317,21.63,850465,0
2020-10-30,21.85,22.1598,19.38,19.94,783525,0
2020-11-02,20.22,22.25,20.22,20.97,732988,0
2020-11-03,23.7,25.46,21.71,23.88,1755984,0
2020-11-04,25.29,25.6,22.15,22.45,982208,0
2020-11-05,23.0,24.85,22.65,24.3,1174806,0
2020-11-06,24.9,24.99,22.16,22.51,788666,0
2020-11-09,24.6,24.74,22.25,22.81,1137775,0
2020-11-10,23.0415,24.11,22.1,23.78,1154740,0
2020-11-11,23.97,25.15,22.88,24.44,1741121,0
2020-11-12,24.0,28.7,23.82,26.4,3916706,0
2020-11-13,27.19,29.6,25.57,26.72,2197834,0
2020-11-16,27.39,30.74,26.68,29.71,1636198,0
2020-11-17,30.2,30.25,26.64,28.01,1428267,0
2020-11-18,28.48,28.48,25.75,25.96,1264113,0
2020-11-19,26.41,27.46,24.51,27.06,1306385,0
2020-11-20,26.9,27.05,26.03,26.34,537536,0
2020-11-23,26.44,29.0,25.44,29.0,1731582,0
2020-11-24,28.28,29.5,26.65,28.37,1290189,0
2020-11-25,27.79,29.7,27.35,28.69,710986,0
2020-11-27,29.31,32.0,28.35,29.3,1611539,0
2020-11-30,29.9,29.9,27.26,27.94,837714,0
2020-12-01,29.0,29.0,25.8,25.88,847052,0
2020-12-02,26.09,26.46,23.56,25.75,901392,0
2020-12-03,27.0,27.8,25.9,26.68,802198,0
2020-12-04,26.67,26.898000000000003,25.0,25.39,615384,0
2020-12-07,25.65,27.2,24.62,26.88,894156,0
2020-12-08,26.7,27.412,25.56,27.25,652561,0
2020-12-09,27.75,28.85,25.05,25.94,945893,0
2020-12-10,25.31,25.88,25.0,25.7,485350,0
2020-12-11,26.21,26.49,25.1,26.0,569703,0
2020-12-14,26.09,26.23,24.185,24.85,635574,0
2020-12-15,25.115,25.9989,24.3869,25.51,723939,0
2020-12-16,25.3,26.25,25.0,26.2,552578,0
2020-12-17,26.19,26.88,25.7,26.85,481471,0
2020-12-18,26.47,29.0,26.45,28.06,899255,0
2020-12-21,26.85,28.02,26.1,27.85,500636,0
2020-12-22,27.5,31.86,27.5,31.15,2229905,0
2020-12-23,31.66,31.8191,28.58,29.4,1468023,0
2020-12-24,29.9,30.47,27.7776,28.48,477937,0
2020-12-28,29.2,30.35,27.66,28.07,675016,0
2020-12-29,28.3039,28.7047,25.36,27.06,650322,0
2020-12-30,27.3,28.75,27.25,27.49,431082,0
2020-12-31,27.51,27.703000000000003,25.87,26.55,666755,0
