,t-13,t-12,t-11,t-10,t-9,t-8,t-7,t-6,t-5,t-4,t-3,t-2,d1,d2,d3,d4,d5,d6,d7,d8,d9,d10,d11,d12,d13,d14,d15,d16,d17,d18,d19,d20,isJanuary
D,-1.1993167042752009,-0.3453380122657286,0.260460860689099,0.3674879335280262,0.23973208481848657,-0.4221873764091727,-0.7999732872903972,-0.26613188695597134,-0.07434290739200061,-0.28619031314736576,-0.07868250111352318,-0.5800427817625791,-0.07279910839944795,-0.46510177028095956,-0.6543392667016473,-0.5437429687307356,-0.8872394589200343,-0.6704827349713901,-1.0614926375847653,-0.7226907246877898,-0.4541367529049375,-0.11298445327183836,-0.20135595964730998,-0.11992779729637176,-0.237430219363396,-0.41155336872830783,-0.4534576280901339,-0.3705470972286757,-0.2104101850715969,-0.09873980614635411,-0.23061103224257964,,0
DHR,-0.25707751661372197,-0.41642049147185567,-1.665952132048441,-1.5468909608726906,0.07268556399218863,0.6400735817233458,-0.06481272191073516,-0.09204813691733425,-0.14071747004305404,-0.6537854349984253,-0.26217100473254584,0.5143125870567198,0.2274466402285551,0.25037862213653733,0.11952313902783408,0.09066469549889326,1.532403492279949,1.4572589457878362,1.1570213520964225,1.3038916190300536,0.5599928010054623,0.5573199585464049,1.354828916198247,1.6879862878408987,1.969821970801483,1.68412930928722,1.7312874580503688,1.190562944961282,0.7548380699767918,0.7180580640478305,0.35583735639692743,,0
ETN,-0.05170007943464382,0.46439850226592055,0.06443418608546721,0.15679301985882718,0.44429831002305337,0.7867338861332569,0.24727999831438804,-0.4971589456278529,-0.40785976492873915,-0.46633521696333013,-0.8431195885516233,-0.6797278940050435,0.3941715168955384,0.44863176286768575,0.33438399008408665,0.4423842638675288,-0.18038095502152407,-0.29461620524272547,-0.128076961031438,-0.16185216940660024,-0.06402456201232282,0.1795059146099973,0.22630719495824128,-0.0591600572244557,-0.11518533805879061,0.010493037288198987,-0.017745992384174247,-0.013053772235306748,0.017205032935192235,0.10224836833512088,-0.06783004734164814,,0
MSI,1.199184249458867,-0.6302267145432467,-0.9523521216905992,-1.5089219485556002,-1.3116655691179089,-1.1612557969445008,-1.4500232719974633,-1.6147489563020274,-1.7970485817012318,-1.513465965208151,-1.289135720822287,-1.1805467103912164,-1.3293534179551487,-1.1322081331280929,-0.5438840040767907,-0.3443102320313985,-0.7226825514684049,-0.38716830070640224,-0.7980086589127638,-1.1066363773066472,-0.927343698898824,-0.8366892965147458,-0.2913488947285233,0.2898973609331198,0.19449070075095273,0.21205902191489298,-0.19579523239230825,-0.15847892570775887,0.18576909886298268,0.16799153052552607,-0.06963038563408334,,0
NI,-0.6589461638971459,-0.12296733028355182,-0.23530952307392308,-0.04736244205695731,-1.7658149757727313,-2.0696062167852203,-1.872378891741411,-1.6374915169566302,-1.6030904233660974,-1.8303077328026185,-1.5344011339751333,-1.90890859103925,3.6510962486958585,5.318267964368061,3.037397651949452,3.3197572482932416,4.530017091483529,3.5823497471811674,3.100398705003086,3.260583527216736,3.3888012776872585,2.022607027692722,2.2338705014540388,2.051923050009237,1.6960105932943623,1.4320068900209848,1.30760321901025,1.4426676359086776,1.0963857371202765,1.0482007195690595,1.036025541631284,,0
USB,-0.46302466430608086,0.1857944309441398,0.5871461626198572,1.3884066432073925,1.8646560326992538,0.6947130125457457,0.2599953339257572,0.6688852901363893,1.2815455323129719,1.8203095620099108,2.1000731647674122,1.413725127535109,-0.30428559602341176,0.2503786221365471,-0.10706662880663657,-0.132243590448443,-0.13668113380886784,0.20291858269219595,0.6026385645009056,0.5644156217738482,0.5673085733836044,0.5626738169044765,0.7254588715307965,0.8197695185453556,1.086743507101818,1.0933985035544473,1.2597541054707315,1.3950822425987128,1.285160189652217,1.435667098532473,1.2509187931195502,,0
WHR,-0.6744525870574734,-0.820336978294259,-0.41320114562548904,-0.34397537149075536,-0.0027435110102538587,-0.6334724708383839,-0.5974713620727355,-0.9655365767499765,-1.2636354367989666,-1.0620383306581407,-0.9332375343051594,-0.8158433955251523,-0.9389431425391509,-0.5563520306867901,-0.5431963578998246,-0.8064213464055008,-0.9952259646822414,-0.9613706524926511,-0.9945728794090489,-0.9281672318194123,-0.6550275924956479,-0.1487082317526486,0.03931199228682296,0.17327404328506785,0.01841804044681239,0.17143403666746948,0.004392172181163908,0.06717586931842286,0.17302117680951812,0.2683868686656436,-0.020860918642577674,,0
WY,-0.46828172864547,-0.9367157764269567,-0.5865929750650991,-0.20788947089566848,-0.13850745023234448,-0.4390582186582601,-0.784996586995289,-1.1897396278587888,-1.0551793070128352,-0.9815218529115043,-1.0337253289662391,-1.0526985412896994,0.5540635045880946,0.2503786221365471,0.39900242035810546,0.5013198275677759,0.3955617246994331,-0.5200203923085788,-0.4332452033218178,-0.4085856518294686,-0.24643421155077327,-0.10977352894858743,-0.05767531021423314,-0.2577284720957759,-0.4610790916974051,-0.3493879516935444,-0.3355968696217438,-0.32445170489358843,-0.4173706426191953,-0.2886361465476587,-0.3536600110700664,,0
RTX,-0.17884600546160195,-0.31877195129569064,0.4158142574678292,-0.3407973059571748,-0.20714270402836898,0.2906678261119697,0.02822829141639203,-0.29412382430754785,-0.5052794927239173,-0.07620780245115323,-0.3419242561493699,-0.45470927932580923,-0.23515777973982974,-0.8451864126113646,-0.17610800532463228,-0.9757481830343756,-0.7033311675511167,-0.4566666558069633,-0.5480077164614245,-0.1764866680430602,-0.05787555883263252,-0.16714283388777562,-0.16744082720084255,-0.2917394522512681,-0.4828884737627576,-0.09091341159394062,-0.10882754566678114,0.08122158283600547,-0.075189382148802,-0.3517101536270172,-0.4748637878721377,,0
HUM,0.17267611710919953,-0.9540485284535285,-1.3267084154758286,-1.4022245798705117,-1.666151053267432,-0.8572012005334643,-0.6155645608718403,-0.6411585545393006,-0.8184144571534182,-0.21630976605186297,-0.25702967934453197,-0.35070205316053754,-0.3804081021848629,-1.014504869994174,0.11952313902784113,0.47442933172961627,0.0378210251292629,-0.09283664411897305,-0.04287356082450607,-0.6330456920450778,-0.7591662086200401,-1.199261749605671,-0.42163448312478413,-0.1266462425132417,0.10106404937316413,0.2823403191164963,0.0395760211711894,-0.005471882044196203,-0.46173379338115267,-0.3995394901932714,-0.23662102744063257,,0
TXN,1.3619384674064476,-0.5679226866374487,-0.49438572762015187,-0.847100925625395,-0.9604182516332506,-1.0011678774112152,-1.769783741983513,-1.6954793895577611,-2.144959452100345,-2.301224753069457,-2.0951552095881927,-1.963447832004781,0.03323481942318489,-0.21079658863343756,-0.7107062708687623,-0.4810110863038273,-0.3634313103132532,-0.06322204570118771,0.3867642192954061,0.5618906947882467,0.3451073197462175,0.44633846539562183,0.4882538279491786,0.6121356515187669,0.5477414761587467,0.7819635331552233,0.7443523220880129,0.6234532323163208,0.34668897865307763,0.2297584544847975,-0.09494947351150482,,0
STT,0.828037483230262,1.8707578138250063,1.809102339072868,2.3917478413086206,2.4825292257265046,2.043979032379843,2.159408081851602,2.1258964593275915,2.3126299404440833,2.7657748465432035,2.7035698245353,2.247219996131792,0.2274466402285551,-0.4724119447953054,-0.4006138877739526,0.34661012355569437,0.5042551043027091,0.2610982096116182,0.3694635059418377,-0.008222587819239065,-0.16981457618529894,-0.12057622133876172,-0.5627504122275501,-0.6775587502971521,-0.3838670078351162,-0.16361737498414752,0.040077722423374304,0.05744396362330221,0.38976914627445514,0.5421129164559294,0.3881573135623672,,0
K,-0.22889972690623767,0.39511663491357074,0.6375612334278886,1.6462567417387122,1.3538298244563083,1.51951606630242,1.8353485609090727,2.2310999467469323,1.6908637135797049,2.543055886176602,2.431785920085054,2.07386072548846,-0.38534061769202627,-0.5653543978646939,-0.4027371756105106,0.09066469549890019,0.0359327263993882,-0.27336042983767744,-0.3059394921583231,0.40398141868634213,0.6130269123639598,0.6688763753439653,0.7067168904660232,0.6997225191626012,0.69004574126515,0.6973599276138859,0.9183294818989386,0.9623584259587298,1.0598559910697456,1.0128907803517848,0.7861422004394183,,0
LEG,0.615852044194762,0.907100374970541,0.3630829860688443,0.43559779920444486,0.7401080862222109,0.17116595916014568,0.5792705126024382,0.43662759742065654,0.565726539341377,0.29583075825560856,0.50578929475942,1.0446931672672477,0.6103637413013916,0.9252289984045345,0.6051612813988909,0.5684125079493743,0.9976614508949606,1.345169540356409,1.2980018574702816,1.3153347316054356,1.2764475215009259,0.8132112508923054,0.9369490446028058,0.7861370810978536,0.6383054538604541,0.6175394228836244,0.44847278051165834,0.5100105965389851,0.6039327279824948,0.6448320159181752,0.4873366179721774,,0
L,-0.30400850600620855,0.009579711147024904,-0.6512114737672059,-0.12979049693175418,1.0321202953360111,1.7752264658861208,1.9170507232027683,1.724959848566708,1.7691679344131865,1.9114548701330674,1.7222906395625748,1.8675765732088427,0.2274466402285551,-0.41429813036861607,-0.2790743312599595,-0.30145662460283323,-0.30241635292548513,-0.3246140613569147,-1.18046892860318,-1.3683518062092466,-1.3181808398366035,-0.8612009584236736,-0.8818913898837352,-0.9890380380272171,-0.974312379189314,-1.1831909197446588,-1.7413050983008596,-1.36002630344497,-1.1478099575289646,-1.1210564512888939,-0.9043323608072991,,0
SPGI,-0.8861920477790977,-0.9570926984177152,-1.3809866028429445,-1.209256162997454,-0.912409315908262,-0.9042581331857252,-0.9802276221250503,-1.0851705223953017,-0.8717041792595476,-0.6600848261383283,-0.8184493060306889,-1.0601481609433057,-0.19440096875944085,0.9997875385588021,0.658815353785504,0.09066469549890019,0.4320185982492092,0.36903206062718685,0.4256443639887736,0.279961139260063,0.36656680540976716,0.11768233853890162,0.21438660243467816,0.27132171636748015,0.29358423032067765,0.49340233034320796,0.21385680318389227,0.4411678240870696,0.3342115549808,0.2708190845364094,0.20472646517522164,,0
OMC,-1.8391465680434982,-0.5519417542541679,-0.3153634825645794,-0.12142204341707608,-0.15225980720311597,-0.0813558719702045,-0.141024004761063,0.11128695981142853,0.4212852351164697,0.13036119477948716,0.6317514431848981,0.5628166961263851,0.2274466402285551,0.7402700063903376,-0.2330141791378214,-0.6029543507255108,-1.9464370436001466,-1.778912899371979,-1.7376698011807892,-1.6106317738897815,-1.752986141316009,-1.135373717843843,-0.8732054562536223,-1.1672587572161799,-1.1535988446736398,-1.0189437179090493,-0.8411883993499715,-0.947906789390805,-0.8949525943964044,-1.0361126000358818,-1.2896556685561784,,0
ES,-0.8652389034018083,0.18186608630219533,0.7381802711243061,0.853233437836776,0.48015774096248093,-0.15482070456466732,-0.1738476307410875,0.08455699240727445,0.30398073098660383,0.18536719359940404,0.08812106978026549,0.05543687995948063,0.2274466402285551,-0.7221998613085097,-1.046960634314405,-0.8273605127392838,-0.986995892846817,-1.2864679192125879,-0.8852165053638815,-1.3120948477694998,-1.5572036967393375,-0.9920954113191242,-1.0504304613326738,-0.535779796088058,-0.2697655826096389,-0.4925015310731681,-0.8586905590466596,-0.7116866212215295,-0.8828217806877704,-1.1815117727273035,-0.868489919884528,,0
ED,-1.2622458494977837,-0.4696305244574098,-0.5821715361369187,-0.2868830241574049,0.14921445399607142,-0.7803707803484021,-0.6419149800684245,-0.2489232083637577,-0.06915382999679547,-0.001081521364408166,0.06523731582400469,-0.42005262751008354,-0.5869440603439309,0.08877260929507386,0.0032276657907344777,-0.023741285187991668,0.06322983317441665,-0.013255589613340887,-0.5003959147306617,-0.5494257515429636,0.12471193558111257,0.4305911514342821,0.5348963777110289,0.39373658388455957,0.41673112940034635,0.19791750796045504,0.3253367413826558,0.46581491669373626,0.3764650888877065,0.45669713778194193,0.45725880259631896,,0
PNW,0.5504447803512839,1.859261826100891,1.8698537822200705,1.7649881498761544,1.5986174397026491,0.3146966950412641,0.11169377325407896,0.8359043236785817,1.2722474701191,1.1152111578901807,1.6548650759121384,1.16582050457709,-0.5401420503527039,0.02310942325590751,0.28307137941396204,0.734228759006066,0.5643775222687893,0.6129627185450705,0.3928902962979634,0.4037230523548136,0.29203213543740747,0.3612198921648547,0.40469384399240416,0.35327238540160083,0.28889448832128634,0.13635029676978475,-0.027015768746524147,-0.19835956017001546,-0.01052873308293064,-0.021751494375471234,-0.15627580881192402,,0
PPL,-1.0559972241280542,-0.1546206817615523,0.06475840324187931,0.580322163023468,0.189297163994754,-0.630928257845539,-0.6018422310318455,0.021014769406573753,-0.6367001450299352,-0.4313474607747463,-0.4957521222472402,-0.8034645763114091,-1.8996958955105117,-0.5894265588932511,-0.4848203457077115,-0.9497211545369717,-1.2224867918342366,-1.3004592087389122,-1.377553499872937,-1.3689094095665635,-1.030273917033027,-0.6064755123695156,-0.4632838167965822,-0.500450162237387,-0.4022943026764078,-0.35188982996332274,-0.41609406388727127,-0.48896772372143504,-0.3764353445704512,-0.30708135422208793,-0.29976763647851673,,0
IP,0.388812399715726,-0.655791516240919,-0.5535880091554297,-0.3645603404454414,-0.13030119426186654,-0.7046525449607072,-1.0620824073424828,-1.20055596350828,-0.9367899891447558,-1.0071647655969762,-1.1680737440350089,-1.0417272876243484,-0.5341810934670139,-0.20062991148629453,-0.3673442458628819,-0.309070787252734,-0.09451700055186832,0.24537667449033126,0.3309291417250338,0.537546343709951,0.5419342669723889,0.5441042885706197,0.5398542016145139,0.44188533574041494,0.33512749543621084,0.3381648454188996,0.2514642513800374,0.1980621247051378,0.260881798589924,-0.016065836331555176,-0.29253964268752725,,0
COP,0.6242175705305864,0.9354052374056607,0.9660459088540269,1.5380581302743874,1.1251051020145264,1.0177865359989404,0.9547348893855729,-0.7976240604192033,-0.5656291769051913,-0.8548823038529476,-0.8834453132218071,-1.1325762006716913,-1.292228382174045,0.2503786221365471,0.11952313902784113,-0.546400600426169,-0.6018290109842555,-0.8513003813979748,0.011294768666432604,-0.36761025241079937,-0.312860594485435,-0.26042601455338704,-0.3812629723530338,-0.15747667134129395,-0.1377783390120844,-0.2565252164460847,-0.17663839344600224,-0.03339358385489956,0.6033104578769823,0.5715902850060081,0.5580392288420073,,0
AEP,-0.9155637275548194,-0.0008611535546852202,0.4761181210749743,0.6729620664684102,0.7145821257395459,0.02359059322221103,-0.33652674627312795,-0.05298788608980349,0.02165637590291277,-0.05766348297275272,-0.009945346157968604,-0.09467733895214886,0.6553552780813279,0.5037707174402293,0.11952313902784113,-0.08871954059361477,-0.38473537806190994,-0.7066927947884681,-0.8106641181734919,-0.8231119515379981,-0.46757312588849465,-0.1946775260401794,-0.14102464709286197,-0.16938945432406477,-0.24690782583211693,-0.17810952044404346,-0.1874870455552675,-0.1316396384029724,-0.09850192883692552,0.05818195216681344,-0.0790969426746057,,0
CVS,-0.5898380565472896,-1.1803214729648952,-0.8806968970367322,-1.006442477992121,-1.2714576662382813,-0.77602046522834,-0.6126783822664271,-0.32587684861378285,-0.4858189275325286,-0.3049041300995147,-0.2651588787360182,-0.7394934849711151,-0.19922611791097355,-0.5076021333104805,-0.06229709795760748,0.1793823014662547,0.35154156121773106,0.201103514359653,0.6382005997728774,0.7815162983789001,1.0469801588863823,0.9137090315656694,0.6013702839842009,0.6511928174385506,0.6757269315767563,0.6266861488830207,0.7351710187784632,0.8733903938376979,0.45669133184085015,0.3068266471917008,0.35919157965837906,,0
XEL,-0.27440215335786283,0.18975504107610985,0.037778695762457265,0.23443063803756725,0.002251062749854985,-0.464151420799412,-0.7213407671879006,-0.3973191676900732,-0.10028585942031801,-0.2316991963680068,-0.13426899524527153,-0.41945862539296996,1.0070916976775743,0.828399158028869,0.7015973204766269,0.4175008952904907,0.7934416792788224,0.5384263642108044,0.8491310637434852,0.1297916147747903,0.15686648033449963,0.3541205514518444,0.3075876217151163,0.04027736298658715,0.10505375889393533,0.048560721047012145,0.24379469789604585,0.3847222919076166,0.09436899479022796,-0.07064244814638905,-0.16749541673320448,,0
PEP,-1.4032162030307378,-1.1045740433173843,-0.9046936892740542,-0.9872330253491434,-1.2000318224415678,-1.657543404340657,-0.9787666447984228,-0.06396933045636229,-0.08942143494746273,-0.07160361369125064,-0.06278397912532388,-0.30960260260074546,-0.39198849276964065,-0.3965358816504435,-0.14443991117939767,-0.36730643394741164,0.08943814506184748,0.19182473348146548,0.04304505116499329,0.1822831930163808,0.2571851580331419,0.40734201750103255,0.5958047485622437,0.34643351950296464,0.5839202886518382,0.7988230375648091,0.7012035593062157,0.6163303799136532,0.6313096508473487,0.6876644358421465,0.6754241716505434,,0
PFE,-0.3893238841874723,-0.35017276196333735,0.5851995143525603,0.7117077227519756,1.2505444836628443,0.09484210302152238,0.10019876894444625,0.3562381959040487,0.539313309836038,0.8355200351156793,0.6891621873381112,0.6471977263790003,-0.7462378548009285,0.2503786221365471,0.5331159684040983,0.4166583112217582,0.04668418005180091,-0.0620369765905363,-0.2702733614957658,-0.33245642322803987,-0.21656399491023748,-0.33186579257460375,-0.36556745537911967,-0.30969136606724634,-0.20259516025963395,0.3339540782279035,0.20448333464489182,0.30555846190316244,0.44468440462266373,0.5681595805418153,0.8834133170670756,,0
KR,-0.8718471119778108,-0.07378842338227698,-0.22637279075880776,-0.039094883063866145,-0.01366357471932238,-0.7834073504092111,-0.6482196084749722,-0.6463137233003325,-0.1836786931055087,-0.2648699359611092,-0.15113098327343782,-0.5462963947585232,0.44661140436080315,1.0352426236622776,0.9660927266620509,0.7381710111155254,0.8618310729760262,1.2083921845998988,1.1559501222056516,1.4533461425754668,1.6206707850658089,1.4892889771249171,1.6142365016887232,1.3977048821113984,1.4764587098892863,1.2298459991825215,1.2396237565953416,1.1944437972742619,0.8866259773473326,0.8031986568824324,0.5580392288420104,,0
KMB,-0.914179733705495,-0.8002347197892303,-0.5032812428173764,-0.3196243728560709,-0.16482687432613835,-1.0332690492027408,-0.7066286916633817,-0.7535018886694791,-0.10784283298674584,0.035021226200961854,0.052782365057667056,0.11466324450544707,0.08025067125925711,-0.4522285943963049,-0.1333099970970489,-0.9041308103339101,-0.9795519094955212,-0.2450811727396636,-0.020625370799574282,0.1683429102084248,-0.09239660539922943,0.04408838753164976,0.09336927129902907,-0.002892519112548125,0.05114721018836624,0.010666524033557187,0.20798307229138746,0.19680770785012583,0.28160875269751895,0.3749755491424444,0.1437714185212718,,0
CAT,-0.13948234580179633,-1.364224955039892,-2.307543859737,-1.9644300034176179,-1.9175739457592944,-1.8831795984344766,-1.8831507872934876,-1.9077319457477029,-1.7717869413717506,-1.4663011370351489,-1.676292338430789,-1.4532899900049996,0.48961601694117135,0.5608731614523355,0.6781210023184858,1.4095178115593734,0.671985831654188,0.5118975515908306,-0.37103004095502246,-0.5026813508940765,-0.27165756065985985,0.2574528619217883,0.18158642508207626,0.3447331215412884,0.06984112416055321,0.8663189328051056,0.8733893698906187,0.6357664507299489,0.8071201684956616,0.6675217773104657,0.8996025461427269,,0
CPB,-1.2114289603975001,0.06548639321718938,-0.033607732340658614,0.21022824895250786,0.1277008290380715,-1.3310924316055912,-0.8735675654009251,-0.4557895744566226,-0.9458847435200658,-0.3859365974135713,-0.37759205871158497,-0.5650808779479769,-0.020393925923901893,0.25037862213653733,0.11952313902783408,1.0324463812615348,1.0356852787034097,1.2879169893370725,1.288688837674632,1.0113994878380717,1.0691905731327744,1.1069740873687868,0.8484088788000379,0.7556537739794821,0.32705675463989387,0.014391912985694606,0.7058601186490688,1.1007808931163805,1.153423809785622,1.3437464572578866,2.324291115890994,,0
KO,-0.9036270659412308,-0.5795544356699041,-0.2810685897251402,-0.6457359099006408,-0.7725995053275136,-1.5826557946047952,-1.1651529225471402,-0.6476899041183836,-0.6399695485648537,-0.853014544375289,-0.8271119793448001,-0.6328057269160063,0.35818079087708227,0.09959520450087707,-0.5956184144805671,-1.1573493051075234,-1.2641652083935873,-0.9324260489137852,-0.48814982905532345,-0.30799508139036536,-0.2565623339727332,-0.04025474830082837,0.010570525860490185,-0.08859182870189077,-0.24481985613597126,0.05029653421186279,0.1786595281327427,0.3733010653894017,0.4201688596865176,0.29392163685784695,0.1971060882612911,,0
CL,0.12069271793559405,-0.049697535583246105,-0.22633282361376242,-0.08761898671753322,-0.2368299396716181,-0.9066984553285925,-1.117706613295306,-0.6930946610079023,-0.4252636703903367,-0.6602611237476615,-0.47880647565046214,-0.23689386819930236,0.5885587397125107,0.46421621136332325,0.11952313902784113,0.09066469549890019,0.2705240620240531,0.4760738370273578,0.9048612894780833,1.05000394592571,1.025879395325176,0.8132112508923093,0.6829352548270053,0.6997225191626087,0.7245468372123622,0.9865263484468632,0.8252787745134984,0.8167374357324072,1.32591945379828,1.132122075801774,0.8917435870903772,,0
NSC,0.17004992840647606,0.4502394234477405,0.4547759867978135,0.3927440382246268,0.5898744841977227,0.4794880445236596,0.3086181490117238,0.2555003704715821,0.0495899461922191,0.18401221891553504,0.07749776750787919,0.11381222315247241,0.09148332173167056,0.01075783636022631,-0.11085233453866686,0.09066469549890713,0.1676625747009952,0.353392216705039,0.46265879662685516,0.5131988581289819,0.47518151374630163,0.36867971476367933,0.2870128999782052,0.21244040602774775,0.38795046761523083,0.4244831355394095,0.5208274940653282,0.6602282227455437,0.7012557383991085,0.5358461863714706,0.45742019149456914,,0
HSY,-1.825917889846562,0.4148556131985894,0.5896444560713592,0.7811879670011355,0.32603404049050555,-0.6540399478657637,-0.2946549644557592,0.12585752560413482,-0.043507203698099,0.07626082006503396,0.16249358581418633,-0.17182194769755932,0.645230344113749,0.37258651883046995,0.4755877370128919,0.7933338009391857,0.9122060941607044,0.9350703598978838,0.6395056698733511,0.5683931248682451,0.7735709525362459,0.5654226944974571,0.5085553188786933,0.6997225191626087,0.6765520381484843,0.5806349040575066,0.7757120391304255,0.6997240087038142,0.9214678193395233,0.9606267740500626,0.947763950305117,,0
GD,1.1308237978029578,0.4086490418545564,1.1816148015851065,1.2226851174077824,1.3261407214704912,1.1437073175268269,1.1544567769845135,0.323867754543315,-0.2835974314951465,-0.41315956091674594,-0.38545853889772885,-0.3798891898411564,0.3481210372891385,1.1078870419000824,0.8394534808247975,1.2036028733954258,1.2406691163490626,0.8455600233668195,0.16991295281553387,-0.306891502526566,-0.838107787663734,-0.7216547050327621,-0.6862554393191057,-0.6347000787029393,-0.6178555059184712,-0.5976712583425428,-0.561632023143429,-0.5149204400244879,-0.6168679443237698,-0.6776280396875471,-0.49757252372340377,,0
HAL,-0.4151905434549529,-0.2882370757510122,-0.9577512284370546,-1.3823627678088002,-1.4685082841399735,-1.4201706589610499,-1.187778224215692,-1.3392290998957286,-1.0403208503380892,-1.078273098115567,-1.35732583898847,-1.372233842264799,-0.7565547208249517,-0.5265416348298392,-0.29979437597095393,-0.18433845058125134,0.5216587372992926,0.2336344267168187,-0.2166096778652651,-0.30272440372844944,-0.5682867321948057,-0.7319222044931821,-0.5925899038439898,-0.7066818784619372,-0.7647316770584697,-0.7652512179896654,-1.2834676444481334,-1.134122549134713,-0.6841863861725086,-0.7361402838309307,-0.23557421827835576,,0
MO,-0.37340046337552274,0.16656806535504523,0.27050037349633826,0.3291684476842562,0.03552552773673376,-0.42200601596050624,0.06651140245754746,0.048619254604146914,-0.4383524567393727,-0.6383339529040244,-0.7600389917583554,-0.9853988669575359,0.3458245260712184,0.5210391274810294,0.5123824649659466,-0.05457724801877952,-0.08240872417951799,0.07837459985565919,-0.38841575953199914,-0.6844136251886103,-0.3509174623408103,0.05228581642280656,0.1815280128416857,-0.08101224349151376,-0.21816810065182407,-0.06540437119162364,-0.12967402586636656,-0.17511120702036312,-0.18801300252248385,-0.3042336857039165,0.06520338013701298,,0
UNP,0.4780792753664144,0.3738741003190264,-0.3319214002723433,-0.07618642665142307,0.16812434778610005,0.6551884923336467,0.7794927236513388,0.7910047980904766,0.4791666961354844,0.24837542556814013,-0.08389337038370338,0.2967371339546836,-0.6977860195593584,-1.6103450848493939,-1.0620395257150905,-1.1485308372983964,-1.0738660183619604,-1.1681242708805402,-0.8433386946759975,-1.025505087820776,-1.112062134806186,-0.8842578369276322,-0.6894791051092605,-0.6764979571961751,-0.9115605374081971,-0.6600509687087601,-0.6492971647580146,-0.5034472979265541,-0.31391031300627587,-0.10132478545378992,-0.09556413529241954,,0
MRK,-1.2622458494977837,-1.0904092686900384,-0.7000731968181825,-0.3871428147747054,-0.05078620744111904,-0.5680808908072804,-0.35155896269313053,0.0570053700720557,-0.07694194720553425,-0.023826067897563672,0.11147332892394973,0.1573504452879754,0.1451294143859882,0.106549397912674,-0.019057999595689115,0.056156365054522435,0.05151368180491074,0.14166886390672248,0.3409314254287319,0.3152432271613526,0.35849368790135955,0.312929979766844,-0.07671512949492001,-0.09266324667283263,-0.1651101712171686,-0.11130008027583492,-1.3344949838885233e-05,-0.04117539459643066,0.08746410569842279,-0.005585579566716842,-0.08014014056848882,,0
HON,0.9221596228954425,1.5518806523147368,0.3237464423993456,0.5788402639774578,0.10304520881527168,0.41475727869837664,0.26774521999881723,0.07488729736401217,1.038991576764637,0.003925108579203777,-0.025299702220579076,0.19180910503296492,0.2274466402285551,0.6498769872499689,0.8862930814372368,1.0335744655003032,1.4760529420868451,1.5667520336947423,1.54398379043016,1.5401777205739946,1.7059753917298999,1.5019432234338395,1.2124537187590596,1.207319562666429,1.5415844816676365,1.524925115666877,1.3898506577492418,1.110690424709015,1.472535898885457,1.758674813621473,1.5627953639738719,,0
ABT,-0.2771557125418389,-1.541841590485094,-1.4462424188386034,-1.1407447582028583,-1.1997173515919404,-0.8615728699211764,-0.7796833612455883,-0.029036969188133872,-0.22965599765165987,-0.27433011972442445,-0.10156261496685347,-0.23464599676027698,-0.40272355069059657,-0.2218646420543759,-0.6315736862960261,-0.5133695903246988,-0.03477537569838877,-0.2500297724416188,-0.03168418553724221,-0.0026947607325354347,-0.43190525981116334,-0.283214828585593,-0.30292361601170237,-0.27870715635233934,0.1783986940632114,0.16904276160463685,0.408307263796818,0.25125126277202686,0.3392467624576898,0.4403108350727257,0.22998937896513053,,0
HWM,0.3982579324985709,-0.3598282933328076,0.7589752599444991,0.484853558459535,0.5623940671588417,0.08120036711516611,-0.24749472996721317,-0.6900212548757639,-1.130143786371674,-1.0568802822840717,-0.7799139226077965,-0.6045976058165405,-1.345363982894211,-0.8363903188816247,-0.4390276235635081,0.2006822665115638,-0.1309318033513358,-0.29657522979741646,-0.45969283447164694,-0.32389907328038053,-0.27158144845802207,0.010482432846925616,-0.000219563297189023,-0.0693892708520939,-0.34673259558597114,-0.3393594013243983,-0.2580755996160422,-0.11438194913496959,-0.13392633595288078,-0.2926528060656382,-0.17388838474059481,,0
SHW,0.997913651325002,0.5418780268327897,0.3903806525947782,-0.5147199115262879,-0.6794237379512186,-0.0008892959448631169,-0.630791215467591,-0.4011020473574487,-0.07694023044740618,0.2809710059566559,0.14495514386975003,0.26480855353890487,0.2274466402285551,0.3966539819469107,0.014259962906034021,0.19421762459597552,-0.5866638410036368,-0.8276918167328667,-1.8309941439070172,-0.8545767846228223,-0.2110820549055554,-0.006971185113604191,0.043244640338521066,-0.030366263359657343,0.04617122972464492,0.06943003933775027,0.09305359471429764,-0.020876748563920598,-0.03968868405566966,0.0944454777929838,-0.09005794862187173,,0
EMR,-0.5721002679639404,-0.3640024699507472,-0.0730276315800508,-0.17336519580939652,-0.06460421676428699,0.014349877531579873,-0.0993297232203959,-0.6026531471165617,-0.6578231470447748,-0.775471420062404,-0.7270258137370552,-0.7015461376179146,-0.1637358107338578,-0.5223863262093387,-0.21387000399196343,-0.29241172797909815,-0.12962155015688964,-0.0409024049810044,0.16399321035826694,0.3040599977370847,0.3637420249345975,0.26038052884418583,0.27530928508682617,0.3169411360852867,0.22082930206969073,0.21040138000722697,0.12162543157355471,0.12954830358063008,0.2867779243598245,0.24029133980177053,0.1940063677309691,,0
CMI,0.40967774236300325,-0.09387806604160066,0.03965082647789492,-0.07915472144285046,0.17925080493516743,0.3758339810629209,-0.5685932614859395,-0.9447747884941415,-1.4820491071608521,-1.123315951836454,-1.4832041524426893,-1.5469904152083336,-0.9291530178123417,-0.6057422435497267,-0.5581699580284729,-0.6366251782121234,-0.11690603410444668,0.22283154979743608,0.8315646995084177,1.074751352813535,1.049249888710275,0.9834759568983713,0.9486970924924863,0.8628568054481246,0.7573688005851208,0.6281603297175941,0.6634147384037045,0.7724809535233355,0.783669363140585,0.6623209555685518,0.531131050724551,,0
CSX,0.4127668034537909,0.7133311085880175,-0.2968273873730462,-0.2595204319131713,0.1849608802875868,0.49399954357559495,-0.13861478446074488,-0.7844402782369597,-0.7518355608228727,-0.3627342682850092,-0.3187928269481414,-0.13080441411915508,-1.8699083734723598,-2.0267469299335628,-1.3700711630805666,-1.374727655679416,-1.201609483091678,-1.1388335086617796,-1.11055372073087,-1.6940258917496673,-1.3405542628698228,-1.162818576558432,-0.7681950645117529,-0.9568946697368768,-1.2594098690052393,-0.9240083211723061,-0.6173450033198903,-0.47167124071954014,-0.6394069914314569,-0.6296301543211316,-0.6780946813891707,,0
CLX,-0.1832710128214385,-0.12910933509652808,0.4731117327625013,0.22936898721680848,-0.30504715115784076,-0.5416621606972619,-0.18130227516621733,-0.07226120156946965,-0.09287818327745954,-0.0014793342631032275,0.011119064354315124,-0.2673704562310617,0.7078085949794025,1.6726439312604728,1.34771766683076,1.9030241388594187,1.7416871920235086,2.2795599232872568,2.6531748507583583,2.236642483692565,1.991889934044673,1.3789294676221497,1.5708204681670717,1.4047910094471687,1.106670722528204,1.3408167717507828,1.24607690279795,1.4796581758877931,1.282089878688977,1.2736311775992593,1.2732759633187134,,0
GIS,-0.5120753061488703,-0.2593938007502045,-0.5613224038976781,-0.9491058027785946,-1.0279414563882332,-1.0027169847361763,-1.0541830265633352,-0.7345816725191888,-1.1238579337923784,-0.7461130288630486,-0.38556720605529954,-0.8952223689892598,2.0326975161318255,1.4157179383591174,0.8888038953295531,1.1906385142223979,1.1484599463145915,1.118715950413629,0.89276109419639,0.9269320981326238,0.909655104926683,0.6587033505661053,0.7719627954138175,1.0692237472477204,1.0223920433191753,0.811746548655363,1.4128718120433368,1.5806055557134695,1.7689221117020908,1.9188042262595688,1.9313083783390288,,0
NEM,1.179572829735642,0.2541191776204198,-0.015839760608934227,0.08936202252081119,-0.20784302485834977,0.7348308494260924,0.2788045546673961,0.5781899324491259,0.6224861054170682,0.2553802461816839,-0.16414997453689756,0.28223034005905245,0.02225025207060417,0.005350361287856917,-0.05680493844175373,0.26405681856941404,0.9038953545823843,0.9318562235749793,0.7826268994952938,0.9979639121026178,0.9767348012375731,0.4725732546630735,-0.20369051315865114,-0.32711888376614157,-0.44891991263723563,-0.24073901300692205,0.17893360765783903,0.36281585012979384,0.13646530164280643,-0.19858278181623493,-0.3658355742862459,,0
MCD,-0.5791752632589752,-4.336148436716007,-3.499441038272094,-3.2345859758812576,-3.1321319651661583,-2.762077007937848,-2.3031802920669557,-2.4323067016668807,-1.984342381926088,-1.5898890092722027,-1.522693473869323,-1.8284049032001521,-0.06120062147578942,0.33584188225435424,0.4245894305346591,1.0500556227797337,0.7085851031774686,1.05407781950332,0.9760992090252146,0.9269320981326182,0.9561058098670555,0.7792175066874661,0.7816662957756406,0.6345822404858191,0.23645374913796025,0.23795346912589432,0.07433363046007783,0.2740192369456927,0.611845891106911,0.6902379559818896,0.6375575045442223,,0
LLY,-0.6501371887429891,-0.6371918770384454,-0.08438033016089183,0.40557437785467115,0.46545105548194565,0.3970729760312541,0.7058763789987228,0.7703546088235755,0.567334491485129,0.8017205347480716,0.7211284338076566,0.6683505189530171,0.2274466402285551,-0.0030134731671501475,0.02907908222947203,-0.088719540593621,-0.015169053853437878,-0.046865038121700675,-0.2672070365104628,-0.02042508075574041,0.08331816643757568,0.183482343064889,0.45263546844288327,0.6031545221085316,0.5061638289599616,0.582577076922159,0.6701222282840871,0.6554751143352863,0.6271784061542602,0.6355735500627041,0.8173536506492708,,0
BAX,-0.7851305155114809,-2.098084864441576,-2.1862025810931187,-2.6814195380641497,-2.195202659724711,-1.714187010391755,-1.7132250371440716,-1.1802000035764564,-1.3277844079460923,-1.3946714761735206,-1.3783324940354227,-1.7844432859772474,-0.4088662309468009,-1.2568277058769486,-0.6939426013569246,-0.17608499874518616,-0.7038662138490916,-0.6135166545772385,-0.5097028079412833,-0.5911156399351765,-0.9335263012494683,-0.23592116037534117,-0.4757764935065236,-0.018274899368984496,-0.28666054638302385,-0.1275833201473844,-0.5729598723906982,-0.9477365371247706,-1.0218675550721434,-1.121976462197727,-0.7446913713392662,,0
BDX,0.5485358842979969,0.4295641890117577,0.03273076849934549,1.087780838846482,0.5432541872415183,0.664261538099111,0.6969245310391198,1.0682526893643565,0.7072800200481755,0.8424425122874107,0.8854131410588947,1.1680198059769626,0.05968188673895902,0.5455707084784669,0.18993470160798906,0.4392369415075741,0.5888425215002694,0.8051312349734662,0.9513653553122651,1.096826622530141,0.9628354977752506,0.3813393156637894,0.27038817356690675,0.13557848826598806,0.3839455413229071,0.6417003962135465,0.5355537165049339,0.64053057114213,0.522055666119708,0.5572894340318529,0.5887922579525401,,0
JNJ,0.333663338679448,-0.2135619501930093,-0.1556252778838857,0.7497580013812515,0.5501344945662442,0.4310414486736136,0.4233323741263876,0.8840791735795326,1.1999232679047493,1.1235285673237652,0.789067204303782,0.8649429508100439,1.2238973033443339,1.1959911563789938,0.9700612594748038,0.4253791266876254,-0.11222766268690533,0.07370688338956853,0.37717275360337066,0.04194866346928366,-0.9540013194151665,-0.36259464402265945,-0.1212479025486917,0.38403494540090916,-0.04622596618145517,0.2450742512992134,-0.011681169517207674,-0.03253257607228819,0.03829206323045981,0.02543907048583881,0.03789318832984074,,0
GPC,-0.5696319998151926,0.30394153886845465,0.779504195690017,0.22561184768295756,0.23739212892372932,0.2927629245447758,-0.08245816210539869,-0.47375553639875095,-0.5893986200289303,-0.5981933442419675,-0.48523726547646423,-0.5384152478332555,-0.3753881666997135,0.2503786221365471,-0.009433126511931473,-0.03619637324379557,0.3845355268098264,0.49630467737573897,0.7826268994952994,1.233885568023409,1.1021320905990775,0.8833580469669376,0.9866889244206252,0.9029760209134688,0.5876889585832629,0.7880222435759051,0.7268946800541013,0.5588549581161882,0.7548380699767918,0.8333357664741846,0.8932956334052373,,0
WMB,1.3971082758550946,1.419354957261035,1.5027415984134869,0.6975031674699341,0.8717635437190153,-0.1706663637037863,-0.506836876049877,0.2012435412661608,-0.42181579046329026,-0.11015578988455636,-0.46985402715362523,-0.5885823398946867,-1.2798790947149794,-0.2851018579270133,-0.5228012585660518,-1.046585739368039,0.6167055787786219,0.4967264320811042,0.6805626703886649,0.8241686019389722,1.0067009739710264,-0.25181806120311223,-0.12739883218913411,0.22353188232771629,-0.2335296037690782,-0.5337229251500035,-0.6969722124182558,-0.6741123510911434,-0.7480067231806781,-0.5021708246677277,-0.5079555089436806,,0
JPM,-0.9760315395216184,0.4355897609982155,0.5275818210420147,1.1570639996248477,1.345742075269977,1.1122823591936586,1.1286616364729556,0.6617121801549314,0.645160356006565,0.5543085630448107,0.38842623884661026,0.4179073554941235,-0.23936278288353705,-0.026049118194748894,0.020061199733452044,-0.5942569332179831,-0.08689017802284106,-0.1968258919096093,-0.7184902576471993,-1.4594916059636844,-1.7947203301285881,-0.891037044648084,-0.5008186565084698,-0.7224607101792276,-0.8651062477695196,-0.9262405278597149,-1.1708372271706096,-1.1652246672511912,-1.200086290941907,-1.576511143174797,-1.0927226700873947,,0
IFF,-0.4289448115984197,-0.3442488551047929,0.6936642841241919,0.16324094280131296,0.44028278462898984,-0.38877486729876365,-0.3119190033853748,-0.3453687563808616,-0.4615631144597282,-0.286890146066414,-0.3973461804659976,-0.425450232186766,0.2274466402285551,0.4356316666022704,0.38614800150606704,0.09066469549889326,0.2705240620240468,0.4923639478937904,0.888521718851431,0.820311767375382,1.0103432192804023,0.9605832233177312,0.48672519496524747,0.4879221222624978,0.3694352587045127,0.7336836867122635,0.47540263416042616,0.7429323090839841,0.6300639861166432,0.5974504553637031,0.7327162674615876,,0
BAC,0.37412491500263106,0.8384569938437685,1.7589772608477419,1.3237976297263851,2.261107446469861,1.547564519282002,0.9974623298453941,1.2842915509652337,1.7408543889635146,1.3796443912361531,1.5380568156258816,1.3661877754522307,-0.7587269092599499,-0.1864357883000996,0.015302835167471614,-0.11604296728321349,0.2705240620240436,-0.24164968766593287,-0.13469433672429312,-0.24942201472544437,-0.35994866811618625,-0.28966203233991944,-0.40574725931851463,-0.19049371858091652,-0.28293528353442843,-0.18403339107575462,-0.10536912536545542,-0.11328173611983117,-0.27725348842949205,-0.27956973614484315,-0.12989061971246668,,0
WFC,0.23644104621604675,0.5805814647960988,-0.9533028604636303,-1.2082587187343672,-1.3765790788960275,-1.0101761236459958,-1.1334342114013691,-0.9411020360276142,-0.8982849033207941,-1.0494409732376497,-0.8526305122007805,-0.7078201769792082,-0.13864517965297443,-0.39464694549428403,-0.036481433983891566,-0.9763166048275657,-0.7038502540578964,-1.2082453145774383,-0.9374023285591834,-0.8048814723738879,-0.37522047655451013,0.04338103618920958,-0.32654285403978717,-0.36643700626184833,-0.34798824078341145,-0.2970277212044009,-0.29169540094262847,-0.2956213666322025,-0.18729244522016758,-0.12204410367706703,-0.5239827567011947,,0
LNC,-0.3868372277715123,-0.21647565226781834,1.7948157331968728,1.1524065878851253,1.269328852615588,0.7112512839167237,0.7685112396208426,0.563582433594115,0.22619537705126722,0.3499893540481694,-0.08286760703027789,0.023355884947995266,1.3256192506471807,0.640557600745763,0.3067110955759711,-0.09348195394120518,-0.14988575573021537,0.020285574282445065,-0.035168490104609304,-0.2707381659487402,-0.009309572980076728,0.24415546356228593,-0.06572262653817743,-0.043765599749293255,0.22592408980900364,0.30793095897933453,0.33316005038741536,0.3389265067935523,0.0978417877042895,0.3793605906929792,0.517161023147364,,0
DIS,-0.9542958253934112,-0.28906172908845906,-0.2913594832706004,0.16923423525972173,0.08839552672939187,1.0605440041139391,1.2103342735243259,1.545595719825939,1.2903357207175086,1.606351062484161,1.9820733605944274,1.6454924483278457,-0.19405489347384214,0.0007805833249960854,0.11952313902783408,0.04553518467393825,0.1491472442716897,0.3280575211944737,-0.35963679862352765,-0.2600197446296206,-0.6857971595915765,-0.15570037827643138,0.06812870124585668,0.152218420377156,0.19748074239361263,0.27294911854359377,0.17055219715064032,0.28977751386025324,0.08188302209970531,0.006458440533768315,-0.24715198778573347,,0
CI,0.6912413226718417,0.8101252075276199,0.729928351656469,1.5689890464776868,2.18291669810833,1.395407963015622,1.7156283536599874,1.6380561408001433,1.663000772334817,1.505879430306045,1.7961884921472087,1.3465013748503019,-0.11085543188972516,0.05004831020409678,-0.02463924713767301,-0.051155434798016534,0.14101298959716968,-0.16978217502321125,0.20987697700905997,0.11952394356520753,0.14717008898442327,0.2153488666439227,0.3397491731528978,0.3560276138384997,0.417213348661028,0.46677505080168463,0.4301045206454088,0.08583722391637001,0.21490559812288468,0.45710658171036045,0.46357985477478353,,0
TGT,-1.1724121609651164,-1.1537975561147813,-1.2052091921156325,-1.2263937074560631,-1.6228254963303865,-1.0085514874604533,-0.8315450771809629,-0.5878248256959612,-0.6640733057311214,-0.12984976585127792,-0.38772021093705095,-0.8117630397199265,-0.012734337146864932,-0.03407443968824803,0.5289213149621437,0.8961577814369074,0.5463671488989463,0.612962718545064,0.538727218784705,0.4357907035476421,0.44584017816182736,0.13434939081648695,0.2930494158795105,0.8081278835975032,0.6154932169738216,0.6881170618448811,0.30782435198221725,0.10477690740156918,0.18007229013065165,0.44027150727211434,0.5580392288420073,,0
TXT,-0.11984248236479886,-0.6234923264826493,0.974846748435339,-0.08524429807454335,0.09791207275610936,0.3474511017959513,0.9726713193230142,1.606036992320702,1.676690076296822,1.68173059919074,1.9299441565086743,2.310686151219459,-1.7119407626773948,-1.3159736218112554,-0.8572892670971312,-1.018205336123918,-0.6070142865149655,-0.339253167260764,-0.23218071988593628,-0.15544111742195552,0.001076101469465417,-0.017938735772397567,-0.3754875679205652,-0.8133286574287264,-0.9173975469744553,-0.9378024123757175,-0.9914676067118167,-0.951625032716353,-0.96895078798705,-1.11849286818974,-1.1821215768971676,,0
AIG,0.44265429537791495,0.27742382325780174,0.629504288110783,0.26069430583654923,0.7012453988838788,0.6093928317978999,0.22694897030207142,0.3756483035298003,0.5823701502959361,0.7894222084576097,0.7964062613573757,0.9840645210618321,0.5582891563489799,0.5769627138459922,0.9656043241026195,0.9229993085741279,0.4816566437429486,0.612962718545064,0.6332735013449232,0.7389702539505697,0.6256353176790381,0.5533831984052434,0.6188625739304804,0.9486456086402612,0.8998254135999506,0.9064335816659109,0.9667073827964768,0.742932309083974,0.666847771967306,0.8668840333424258,0.7428068888755451,,0
FDX,0.03325050092066395,-0.11998457114031388,-0.6528354523533397,-1.614006060528484,-1.5293977214322916,-2.045612250533375,-1.7086671628451644,-1.5009576443169976,-1.176909599394372,-0.6577902933445035,-0.5729480415732848,0.06492256097682876,0.033550538701522054,-0.32371284378588466,0.284775006917981,0.33451514143715944,0.19629545357681283,0.1644860401856264,0.19193236027433894,0.0017786031244581171,0.28559856283855134,0.7218713304827987,0.4000718123798195,0.4809356508369684,0.5484706795355472,0.5374940518665896,0.6039899298912214,0.5051580608609629,-0.17316917873312873,-0.5153431841360263,-0.19980438141896506,,0
PCAR,1.1843161447331627,0.08477608986059725,-0.6770226333358712,-0.5596260052491632,-0.6307701640511684,-0.1203952885016604,-0.7252308863737811,-0.9682753553069042,-1.4807502818472758,-1.0391885958083988,-1.47694928523702,-1.307005815769362,0.2274466402285551,0.005243109869702367,0.29568086870504534,-0.0828744457060906,0.11204698096056644,0.45338077209115996,0.6425019106502404,0.7858470785929145,0.9096551049266777,0.7157064998679157,0.5614746486415941,0.419676784229085,0.44282645016265465,0.27808910607413645,0.26388341778921065,0.3627922894774399,0.42481729909719623,0.3595322177336271,0.2500316193729019,,0
GWW,0.2658956877312968,-0.628543520346441,-0.8667386938419265,-0.6707305823044005,-0.6602054469881983,-0.13906306373195368,-0.25089146868341955,-0.5623843793915608,-0.71528417841293,-0.4762315553601756,-0.47935671856008555,-0.6577745695960268,-0.07887703822387093,-0.10952982642710878,-0.13947541314113923,-0.802121264213948,-0.544773927393949,-0.7928284759467553,-0.04030025412452987,0.4082502644338012,0.5184226355185964,0.741060289142591,0.4965083453501657,0.35627014173433874,0.7245468372123585,0.7915980435363531,0.5410356455515238,0.5561041399062011,0.45134036857672066,0.776168358364522,0.7842801961652972,,0
SNA,0.7889567053314244,0.2931526555546811,0.2030202081943361,0.01387965216993178,-0.2135872806364812,-0.4638359403317299,-0.26842432807611427,-0.8424414733317352,-0.500810564981899,-0.681961606052644,-0.6207213175365555,-0.5608589368593723,-0.2498360712226295,-0.7376946159507565,-0.2872506896248419,-0.5095825560414534,-0.460342236533382,-0.6749703064871927,-0.5098329470052572,-0.7803929275562979,-0.47287015754547856,-0.1418951660912882,-0.2551900539266627,-0.37738206336361374,-1.2258352170538604,-1.0588523786725212,-1.2102647111254057,-0.9153906528816614,-0.8152550146097546,-0.7539732624559802,-0.9961564406233056,,0
SWK,1.1845411078649566,1.5040136218924967,0.4798630920491831,0.32463530989230194,0.3141146230490571,0.7982236440070436,0.7829293244028228,0.4811073490994728,0.050690670125433504,0.26884194383875787,0.060111767639055985,0.01889765728649535,-0.3930208846579714,0.0681390271941233,-0.2770813439085288,-0.1694424468352594,0.03299251499288106,-0.5820183401662857,-0.7925585384272558,-0.870508977883246,-0.4882315493507286,-0.28286779402177387,-0.29876013979070726,-0.20987075868913038,-0.2614796457777851,-0.4996123153939024,-0.35237808210661986,-0.271063898271339,-0.17316917873312432,0.12052374783677632,-0.07710589213861403,,0
CAG,-0.9277250566323134,-0.37855770942173006,-0.26608577388000015,-0.7960987323719498,-0.34422311402808925,-0.5947821972239061,-0.5843384132228079,-0.5571379488510718,-0.1470064749994002,0.09440821972132771,0.4071278144147531,-0.005764396224937162,-0.2662770661252349,0.5370786139290393,0.743191932905751,0.6006604193238578,0.17597055622478047,-0.3318851309558943,0.615504235501364,1.0110230257921182,0.9096551049266777,0.6969204031458001,0.39356769650901424,-0.3507918077066134,-0.388321592454275,-0.4872226102643382,-0.4541532130731014,-0.30937888147996456,-0.7115018127441235,0.00920038299382753,0.10186204061804113,,0
LB,0.8813496748140693,1.1097993517124611,1.6150264393224265,0.8970515371405092,1.168449827653967,2.1149315209120356,3.3787941883796453,3.1854940695546516,3.4589569472293684,4.132706203801536,-0.6310814808888665,-0.7000562364316245,0.9918964609307772,0.7030582941204303,1.426465048192743,1.696838451279436,1.003845595723166,0.169094548473305,-0.5174993351900669,-0.38210162052481805,-0.4509876463741244,-0.18253987282588027,0.31600858778400004,0.8722392236722247,0.985872733475308,1.0188143480007885,0.8405577605296806,0.193246967781429,0.2956677954562728,0.3469838376063066,0.6282951005590586,,0
T,-1.0149153052962085,-0.6180352366601443,-0.5351173830865579,-0.16674038732476548,0.04950065210877312,-0.5022724462233108,-0.4082232191367609,-0.2923428617548717,-0.21836682731262022,-0.15157492852056875,-0.038977813146471266,-0.2604669960853027,0.2274466402285551,-0.15289054501344784,0.07193002067159485,-0.00411696541092098,-0.4240034775336431,-0.43714182230315524,-0.4464937612449122,-0.4266581134828757,-0.22220852658444368,0.1452899626294418,0.19271776447272732,0.31550674776427706,0.2867045116360441,0.1815969289346926,0.23114181457827146,0.046999193149352754,0.007896297335000057,0.018112096069991757,0.11441804696751676,,0
VZ,-0.839321832221042,-0.46262959356374844,-0.33627266287291724,-0.03505631197350059,-0.11569554135770224,-0.619375306626525,-0.6096474806365718,-0.528399764574905,-0.19006516523405545,-0.3834757678601691,-0.343446324249083,-0.5967361316803721,0.7373600224363852,0.8542293611604627,0.684987187377791,0.3044262661923434,-0.0034306984857484825,-0.05727047837628301,0.09122860806636038,0.021415839670586405,0.08710915755036165,0.3074644306197161,0.4463941478342599,0.39956250916555197,0.42259189326976737,0.3879021549176479,0.16270781312906138,0.1791888878913497,0.04184439598026215,-0.08956940806830303,-0.12625828982007456,,0
LOW,0.2110061958995152,1.4382056124871305,1.86591934228139,2.077783985870984,1.9660870429059527,1.934923661404874,1.7258390767410303,1.3976025081871075,1.1006170080237823,1.10545757911757,0.5705046314934822,0.3352502797345453,0.2274466402285551,-0.4385311369703761,-0.3762324646426195,-1.2098710161718609,-2.6983827443184687,-1.6293010794712706,-1.3176203510681106,-1.1877044618860493,-1.3368485975438567,-0.9222472368883267,-0.9447959190196034,-0.7880981972496021,-0.9481766607173554,-0.516344021418995,-0.272680747773468,-0.525197014772104,-0.8691746152655674,-0.9265367348032839,-0.813296827820705,,0
PHM,-1.0424741471946561,0.9629951040405532,2.1877292441902307,1.5609008932019794,1.9190604838247884,1.7633627049218215,0.09235776417658284,-0.2775151407299518,-0.2953079464991985,-0.11487878457034478,-0.3353898356970802,-0.5106768480782712,0.8805703506354198,-0.5231340898431459,-0.7154336671539726,-1.2783202641545242,-1.2296751823832945,-2.1565774706220298,-2.7546316277693794,-3.0797476997974855,-3.7149323227579867,-1.9558305467853738,-1.8699295449688969,-1.5111763607596356,-1.6478477083278429,-1.3739207531210291,-1.4094164111568708,-1.5263517441321692,-1.3291080323893416,-1.17040317719061,-1.3869027684192345,,0
HES,0.5587196838710039,1.0779680651001347,-0.26657391636025524,-0.39572510854840903,-0.9296121832237397,-1.177032618964449,-0.5681412270798109,0.07587032612869392,-0.1110846939184986,-0.8289869259087971,-0.9436998897256995,-1.0882290240048138,-0.41719494406912544,-0.7039552432929468,-0.2925334666203292,-0.31469708476211494,-0.9634060524235493,-1.0023299065417648,-0.744825646368999,-0.7208366499338699,-0.9576517430876682,-0.9329233314816433,-1.0148100985307562,-0.9005471463049166,-0.8852923186899174,-1.2143406673613946,-1.2507843964076262,-1.035742586714163,-0.20932530530624183,0.2831397175807971,0.6180293229133758,,0
HAS,-0.4827780769560019,-0.8546221552613449,0.49084280106194655,0.9354836202499107,-0.24094226789573697,-0.2912228575177863,1.5603225909533032,0.9548269195650003,1.4550227758803873,2.032589963519444,2.1122977218508137,1.35974498246267,-0.3343585004868738,-1.0843527220531406,-1.2015303386801823,-1.208925172017904,-1.5640832321366354,-1.6701912803757404,-1.8911787820401509,-1.0915846182488265,-1.4496870975394422,-1.0473331060745776,-1.433512667116533,-1.8466702162474606,-1.323827139659117,-0.8180217512652732,-0.3808952373734606,-0.5256581527080452,-0.6503336331606978,-0.640191931968716,-0.17641949287376107,,0
BLL,0.3814957564520448,1.282054556595799,2.420096647257259,2.68831478108188,2.544739240008507,2.4778083846996295,1.7089013251542746,1.7120996923144938,2.1585112220495573,1.4414742658554887,1.7008610394777206,2.282174504027297,0.7039648882465045,0.6254638432085733,0.3225842886552582,0.15765932661953405,0.02784203120200807,0.0023209661393070137,-0.28992375335981785,0.06308203761446837,0.09386853720393841,0.14160231932563946,0.1527020471774829,0.05623951975458396,0.2572969553152171,-0.0252599026896341,0.050726686128696165,0.0632593187472842,-0.28748526091235926,0.04622473657389558,-0.001952897458158566,,0
NUE,0.999336454544675,0.06225496542033804,-0.031104247911390395,-0.1727594365211357,0.3022168794359197,0.6300351147624641,0.5338387808913644,-0.011827729088788732,0.42659454798057994,0.1291509536740831,0.19389297502405906,1.6313125241700746,-0.36835975229524115,0.015137200397303154,0.03552354635298931,0.17376562890695044,0.1950614006454373,-0.22909816659682106,-0.8970834206068907,-0.9001641266141674,-0.9436414941826791,-0.589766933577595,-0.5288796510273589,-0.6889859735205351,-0.6724660262428858,-0.5831719556234755,-0.4977763135237884,-0.3527615533581309,-0.0766863269293424,-0.31533634083470835,-0.4027896311551756,,0
APD,0.2887022448803308,-0.614687402934921,-0.49507993994314914,-0.2364998819155966,-0.21940626867000962,-0.6415698119970973,-0.624910915518265,-0.7055128102777918,-0.5038530319169878,-0.3930188799397878,-0.18891678001260045,-0.1784537035333106,-0.12812112122694877,0.14677390817259744,0.2687009561628648,-0.058393410894750995,0.0003864403896654462,0.3409417601733304,0.48454918335567576,0.5055778834890727,0.5117444902612217,0.6470061355341423,0.6029955077663054,0.6194800012432269,0.44387286216404903,0.648427909731163,0.7490411897210768,0.7429323090839874,0.6141187007481556,0.6495181202420558,0.5906309674216691,,0
PKI,-0.17921090054796218,-0.3476372601425099,0.0846887494842731,-0.5227387960456532,-0.355533019948656,0.09310580587327341,0.22732832237796213,0.079096340669847,-0.07930012701941988,-0.0361288604047633,-0.02865011252878556,-0.029734349571582722,-0.5323095126937116,-0.34948837899056,0.44328190060853967,0.9399941398553098,0.7552823212713218,0.5153351423035573,0.18255625647717866,0.5816853128234513,0.746636253115905,0.8132112508923054,0.6141756359356018,0.47111256695296033,0.20709853710091536,-0.15072673068725795,-0.6451438000651426,-0.6028375856204322,-0.3562454386826998,-0.20947187892778035,0.08668848970982196,,0
NOC,0.035783803348595794,-0.40700520722754546,-0.013027635772924899,-0.39887875627107383,0.18699024843380915,-0.6225817117914637,1.2240774178336888,0.9486723804848258,1.3222847324292661,0.8304184634058256,1.2210141689870433,1.166348405601261,-2.8892444683157152,-1.1850619679535033,-0.987242238121776,-1.0707085100355103,-1.3203655999469883,-1.4562798762434832,-1.4446151705452501,-1.6106421821024086,-1.7096561338326597,-1.2259838300264148,-1.0734051577068582,-0.8633355796327071,-1.083724189591898,-0.9465558658988795,-0.9973784901261025,-1.1680937040331958,-1.1097940399968955,-1.1176882429673252,-0.9566497469330588,,0
CNP,-1.1833215742614756,-0.3140564183906801,0.20476832580178642,0.24747372775575124,0.18598550012265586,-0.3876407099471001,-0.5952030487759841,-0.22756076619674784,0.26569521363656845,0.323339849990254,0.26513452111611036,0.06347997989032338,-0.10926366533038166,0.2503786221365471,-0.023960939541211118,-0.05048814789835902,0.012593661959739514,-0.03642279974846312,-0.6998279131459116,-0.3360555386764907,-0.06621367769677673,0.09904698112361138,0.22517750931928357,0.09145320670210277,0.1891567021113436,0.11496847405274352,0.05005537327504219,0.054347324089935416,-0.1857509963624969,-0.2560915983309263,-0.19441207486017686,,0
TJX,1.0456031689916532,0.4964390494263994,0.7041944765639966,0.3541385750788748,0.0306349012412891,1.017896972820513,0.9595289928493883,0.9977938538646327,1.5453272424371678,2.052657057362072,2.6921570387449147,2.1645958959521194,0.39909045787782005,0.25037862213653733,-0.10167397550728902,-0.633462836053568,-0.4574690080702334,-0.6526458963633811,-0.7376683439214515,-0.8985795518446222,-0.980552412368582,-0.8956986130226781,-0.949265328038251,-0.625646434781339,-0.17762948637574846,-0.29321970217321985,-0.4968207913309166,-0.7048532588977344,-0.2096205899366685,-0.18129532176174026,-0.1815850566630493,,0
DOV,-0.5737184411158176,-1.0359781755265676,-1.3270272072088887,-1.629931964101632,-1.4025359857295725,-0.8010430223187023,-1.0305900530514962,-1.4489839200209687,-1.2287025458811047,-1.1516379064081834,-1.2273353903930952,-1.2622659331490453,0.2274466402285551,-0.19308361826999043,-0.19960267939981738,-0.32692530759471605,-0.9695336182014607,-0.4437380643391861,-0.819606102740725,-0.5164292270527705,-0.7740055404474875,-0.8881165395470068,-1.1092672379281134,-0.9861538069706406,-0.9714109006512015,-1.0241246497972338,-0.8804791731803312,-0.8352121104397594,-1.2815587241009385,-0.9623145154178288,-1.0644261593205686,,0
PH,1.3115285271180948,0.9358698349782412,0.7327913966240723,0.7690695413928696,0.11886373508010173,1.1427616759068664,0.36535552735582544,-0.5450737931023323,-0.9717318932388623,-0.9419915318239126,-0.6001570186183421,-0.6779876496654819,1.076729966055709,0.25037862213653245,0.48143257107828713,0.8027234255777645,0.8115376355029819,0.7212213546157672,0.3027310074697351,0.25078355454713874,-0.1837156465113307,-0.12083639852711607,-0.003076979819394048,0.1881142237831082,0.4026867334361803,0.7150290815739332,0.7785308738012794,0.8003290858785349,0.7548380699767885,0.6630516616688927,0.6103070307211965,,0
GPS,-1.4780067145724487,-0.7511063752307396,-0.28196098929201935,-0.7172682265796928,-1.0733910642762983,-0.27785760128084036,-0.4987656190394681,-0.8223399210988684,0.09090065522935659,0.0082303592163146,0.4738874031772027,-0.03857460364018473,-0.5790739132288785,-0.39384599662771186,1.059785786173305,0.4426293491964714,0.0685699211683984,-0.33344355260782954,-0.6055873264378238,-0.5658754572691023,-0.049442671906169126,-0.21847751019409176,-0.2212517397775233,-0.2887607294011071,-0.07924113847804856,-0.14380167019627474,0.0421055099789646,0.07681810897162936,0.1605745503709296,0.03557577183120803,0.10110962698062982,,0
MDT,-1.72425519472509,-1.0794869867460506,-0.982364250283332,-0.6984450408957232,-0.9174020580700322,-0.7465230122184242,-0.6655782904373572,-0.5319175127386635,-0.9851330748010829,-0.6563834693791446,-0.5394651358355752,0.053861115145440765,-0.4944040485612887,-0.8870335763427032,-0.4961799393539649,-0.8145017162118365,-1.568187832903188,-1.7955533222299056,-1.4937827081911275,-1.4459441929097905,-0.8689524191234012,-0.4884165562843573,-0.3742074119895093,-0.27682932528265125,0.07017164708828239,0.08613031175669605,0.2092413330315,0.2513620300987256,0.32424577183467335,0.3478062127425518,0.37931079358971004,,0
SYY,-0.3960486506253446,-0.48626823812882114,0.5758608770981299,-0.9723308332431898,-0.6790132823494146,-1.0297772321839191,-1.0153926604556218,-1.2862609895019106,-1.2149181977836423,-1.0232232091651123,-0.987281450608319,-0.8088754954855678,0.47239917230388834,-0.04369635534703071,-0.40491254088801093,-0.117520232790165,-0.10683851650797313,-0.3387696077450011,-0.38699585415603494,-0.7533503153240388,-0.43846571804778095,-0.580404826557255,-0.2915814567496312,0.0872861945526568,0.22136975902494652,0.07417428982117609,0.046260587018141626,0.03671407151377626,0.11610792719022196,0.0049288382586137065,-0.13051490508589894,,0
MMC,-0.3103065422842293,-0.30051755595877705,0.34900934631684816,0.6362856032360037,1.2488365708310107,0.863033101444557,1.1845753779969146,0.7464619053788558,1.2317149465035577,0.7884245120025134,0.9256326651342387,0.9944828430340646,0.6302595139390459,0.013116118625988384,0.005392352571316429,0.03497556919769871,-0.34466555618616346,0.09673057079317393,0.41999428069296146,0.5165404733623709,0.8234544890411104,0.4977928207011928,0.4461208672709491,0.6997225191626012,0.6335851341155432,0.4815070817307638,0.38381887676940407,0.30501714688906434,0.22073317863294184,0.2534150823905992,0.35864769315154593,,0
AVY,0.10522252038835458,0.47912711100231564,0.0683545916316338,0.23356361613622678,0.39182348207879664,0.9492560672948653,0.6020612168841871,0.044979311097391735,0.2518481326852163,-0.44174282773644563,-0.5938653958867404,0.1878216834336965,2.4922021757676225,1.4225058969085382,0.23919452455918783,-0.26631408118065,-0.16298040390458204,-0.6966175565037993,-0.27222413473340645,0.05781878754215803,-0.2755587896321247,-0.5875935048903318,-0.13399423975472616,-0.45024617674535905,-0.30376020360610706,0.18242399245190438,0.25490804207110723,0.2217325456108277,0.41610808504799845,-0.4283452109290605,0.18879249943739648,,0
NWL,0.3385886105666344,-1.8775704486442188,-1.8460717970914626,-0.5859626203844998,-0.7496228066494908,-0.022174433175129064,-0.36056089791313806,-0.9188161701451932,-0.9140626539795143,-1.0253866236136941,-0.996067193582219,-1.0043401538964858,0.2274466402285551,0.25037862213653733,-0.11533338381891091,1.0222805348045876,-0.36924572081060086,0.18119147519614473,0.4034991723162242,0.5452068738312563,0.7322728442529214,0.68339864194355,0.33455550754477087,0.3225816023009917,0.599426816857492,0.1881503308567808,0.14727168156369658,0.4013731215697387,0.6449308122499298,0.39591940341251075,0.34957794922867913,,0
GL,0.06500286245052507,0.7878731188766476,1.7396915147288166,1.0523286847461735,0.6212293047400665,0.7846235852063617,1.9092188385278142,1.9036908774833898,2.185422477405767,1.3481687075913396,1.5104566917780777,1.4262027205533696,-0.7824047217976307,-0.4684837351924265,0.11952313902784113,0.09066469549890019,0.5035734920373114,0.769017003425338,0.37170895916766,0.09952078255731354,0.3887035567487628,-8.384321604256302,-8.227455352421233,-8.203951774437293,-8.462035302447402,-8.00599588005402,-7.836997306437591,-7.858292670113804,-7.758619733405507,-7.706121212085382,-7.50052139703864,,0
IPG,0.8785917119796992,0.8007767091851703,0.7393977028493753,0.8543597095267143,0.6547769470040334,-0.2706632546982133,0.030572887972178518,0.5140480398721584,0.5150641050705024,0.3246010644484792,0.06717709113150358,0.02456638495402203,-0.23729833188018556,0.38659913800216295,0.01926776703626408,0.18709948423765577,0.0025409133593735306,-0.5573533572314211,-0.5615852745240735,-0.7434631550582963,-0.5182228968150626,0.09814679576996932,0.038976977486571515,-0.09027716667757045,0.0887423444147798,0.19565143545680935,0.26791240741465894,0.313606679516823,0.42872681042597965,0.40283636125034544,0.47154125764341037,,0
LUV,-1.014461541176269,-0.11966957312601666,0.2958968880652763,0.32199525969668447,0.7092371715590299,0.9888147819416128,0.6105472020247544,0.43488250047010957,-0.17968935146223167,-0.005222709002885218,0.3936260805132482,0.5266373930244926,-2.832926000612118,-1.9643518381674054,-0.893578485542444,-1.6198506338172673,-1.5517332175880258,-1.2219989154580682,-1.4030032415471125,-1.9688927705246486,-2.0448591884181164,-1.3489734407373961,-1.1162682119530971,-0.9115633916686741,-0.4332717173477989,-0.7418220513703485,-1.0030518179709134,-0.9247941070389791,-0.9396037519532305,-1.5097261722711137,-1.1504901596009383,,0
BK,0.17597303343218504,1.2985574870722174,1.1417160855312105,0.9368318093782975,1.627102427303575,1.0014546305002434,1.1619062848819737,1.0463792300489319,1.4925448939116677,1.2100621357896608,1.1621086570384134,1.0988027902604132,1.5570167421994239,0.6439354278609908,0.5923501006205271,0.5558094748311591,0.1863023625902774,-0.07049702716378918,-0.11753692884897037,0.17225031581705794,-0.01699889904484927,-0.3872951715333438,-0.2276385094084065,-0.30048364705298203,-0.13071842399376393,-0.2963469689338719,-0.17024733613304682,-0.16290842631596264,-0.12901160561909272,-0.2213664341555851,-0.10155328451903767,,0
AON,0.3412084905058434,1.0073080924524982,1.4165252657402223,0.7616116214242111,1.0476326908104945,0.6157593627409914,0.9808360207542582,0.8922244930278987,0.8189932605975635,0.6940795188749831,0.5987544096210031,0.4587424402927494,-1.2423466312711589,-0.4947914796556665,-0.41671872540746985,-0.2610215434602026,0.18959119310592912,0.8548668508060149,0.5690809378371409,0.7839739748214631,0.7066089092964914,0.5168134561616212,0.41156514766825675,0.0840427824011303,-0.18049794513508305,-0.12049162870378115,0.08675466109844408,0.013877970923343941,-0.12381598991585857,-0.21211208257406916,0.1283427410749855,,0
CAH,-0.8652132883978684,0.31815496477065836,-1.9759866581591874,-2.347146571474041,-2.028504348627183,-1.037534489102491,-0.5994645712948422,-0.0775307294536814,0.22401652799333122,-0.4160187668747474,-0.3445696821168513,-0.2239190865826489,0.2274466402285551,-0.3933118792480907,-0.3436916273075479,-0.3650240612182491,-0.3536828765651897,-0.43295906532333855,-0.5037193492730216,-0.7372142626949428,-0.31344323909017546,0.17415184979314222,-0.28063392560619344,-0.6504699666277856,-0.13818931869251114,-0.4832251816407767,-0.3995151179700871,-0.25504192405572934,-0.003002000448303865,-0.11924356687827439,-0.451913132735124,,0
EFX,-0.6059338806599681,-0.4992403257222077,0.07261621382079467,0.6647808164501083,0.5879299222528181,0.598207836026073,0.40354046460618426,0.6143825074922329,0.8825462605527435,1.1926582500351681,0.9218093731441503,1.6939310139137564,-0.5994547598561049,-1.0657407644674322,-0.5889465064540178,-0.956606491852762,-0.8968908165435435,-1.9573979550813674,-2.319967700059423,-1.7242404994434977,-1.6827227148774304,-1.0839532507406182,-0.9502834808333811,-0.6164172006975537,-0.6620387441005651,-0.27465235030133467,-0.4228450422741453,-0.6198265729814355,-0.7964497081997879,-0.5672164566943053,-0.734244292230447,,0
APA,2.3208674741279203,1.4958214564818488,-1.1528335105939436,-0.48045403939483483,-1.1945518143696054,-1.494475270718606,-1.103083075209763,-0.7611981524141984,-0.3351099167182482,-0.9751453275373372,-1.4442651674138487,-1.5036551524989488,1.9196307990099757,1.2524291808375012,0.8406221989121293,1.1547393686840555,0.2705240620240468,0.612962718545064,0.7826268994952883,1.2152916290442561,1.1819706869287718,0.8132112508923015,0.4571328935605695,0.5087812522602286,0.3403806750084,0.18375819509939514,0.4301048368007031,0.22415213114285193,0.24865229795319618,0.718058064047824,1.0304612196540357,,0
PGR,0.20293372938343818,1.1566752462034988,-0.6421315210223031,-0.6332063077170555,-0.09630364603529383,-0.33535318164735123,0.0052246864409651525,0.5278459688231284,1.0924953854575346,1.3143209970982968,1.3765601771655114,1.9002500320280606,-0.24802391678232574,0.2503786221365471,-0.08309155269112144,0.2912384161848249,0.4536892982447465,0.42967086413902983,0.6216828226447622,0.6022961937973248,0.44960263836382786,0.36416738097643236,0.2976924851800273,0.26948390454917287,0.18383743673555947,0.13896620237760962,0.31022684300996023,-0.8168768226748779,-0.7671036370142004,-0.7530627341025343,-0.5963473586500692,,0
TFC,-1.055851760890256,-0.8932388606809529,-0.6700497479602175,0.9411927232518217,0.4929775423747469,-0.13009154255641323,0.14649805166488633,0.5990819613425574,0.7470237499878656,1.5082441553145007,0.8532433934134888,0.5238942433382104,1.1354744938631816,0.7880800379835255,0.5064656761073704,0.85045235063422,0.9643671280772906,1.3116430972552762,1.0899891588463964,1.2364001717698716,1.2019047778165235,1.0270865976048207,0.8484088788000399,0.6997225191626012,0.7245468372123547,0.7273090959958384,0.7906037887181927,0.9285176462509384,0.9359179592334242,0.8930913061152111,0.7270406637038588,,0
LUMN,-0.6684000833983456,-0.5539427357503652,1.0324315174882448,0.15644454766648766,0.219904399663322,0.24672815408770482,-0.20060602573848474,-0.1996494206630675,0.0012278234589931099,-0.26999146395269075,-0.1819456098804967,-0.08467097097726937,1.8460575747151178,1.208861765241799,1.4962580050121352,2.4655559950715626,1.5073404999567392,1.5514099175051976,1.6066543424989328,1.4785764181374836,0.9096551049266777,0.431966365704793,0.474144892918807,0.6997225191626012,1.0920101227987413,0.5374940518665862,0.9366396731948132,0.742932309083974,0.5921543644638122,0.875309410535642,0.5580392288420012,,0
AFL,1.836588261684498,1.1864601857522272,2.045282210875502,2.6475378946413666,2.1548236370340907,2.2696683911577606,2.8052004405940267,2.2267796543637584,1.9118481503418534,2.1915429084458324,2.9325142696089292,2.5593437551762532,0.2274466402285551,0.016239357603476157,0.28963535597357676,0.7536829014486928,0.5752009646702331,0.3076272893787886,-0.15467707159968544,-0.1528455571056615,-0.36497018528599784,-0.5852447200833111,0.48153436431761776,0.610491796394509,0.9052262931290924,0.6209427680769889,0.6039899298912248,0.5810489701521945,0.5968847664790576,0.795008231046822,0.6323376220048466,,0
VMC,-0.43127313177046045,0.007904893518047544,0.0629536654698577,0.19474500487593918,-0.37292094652036306,-0.4983438532552972,-0.357106799968432,-0.30681430251105035,-0.43475344840226693,-0.7501572797357681,-0.5633634292592371,-0.28979678247841195,0.0007096676772204004,0.050046008506068614,-0.26389186767785244,-0.23974982985596954,-0.11801361931462678,-0.21115219853308026,-0.20780292342120854,0.08304001385603228,0.11271607762898804,0.229992083915594,0.2758689220536596,0.34397811702198144,0.3666751107044962,0.2786896276579535,0.46493564817768623,0.5590388456477673,0.575408980899075,0.5009142318427833,0.4113436145256596,,0
ADI,1.95130481973464,-0.9424122830011029,-0.7391980805472841,-0.4648228159900552,-0.5305929487157589,-0.32624378777364693,-0.2223413398212348,-0.4163827258153873,-1.0408031630502252,-0.4748756035468377,-0.9132774586486576,-0.2794828062727448,0.2274466402285551,0.25037862213653733,-0.2383851804796975,-0.962809560361679,-0.5313891020126676,-0.35578399255413895,-0.9163731683731714,-0.7837082362494739,-0.97612815872612,-1.05944799909438,-1.280107159010673,-1.0001190015851227,-0.41495101481500735,-0.6873149611562571,-0.42755167668593386,0.05902813011345988,-0.33019346040104797,-0.5719788271851162,-0.6875417994701009,,0
CCK,1.5322089164613708,1.2632589625319213,0.9438358680944249,0.6912880038043416,0.6765377683419085,0.479266809880836,0.477157526761166,0.8966957014631467,0.6319269383132152,0.8139617473862973,1.2656731306566806,1.0807053863944895,-2.310246287306289,-1.2523518003483125,-0.6200943213946883,-0.7499090581662872,-0.13846252102341322,0.04653095380565442,0.013766995979830115,0.19872736753673328,0.3510373770761272,0.40440134858377685,0.1377459466294925,0.03652906679847373,-0.0037930084001065365,0.14650679756669505,0.38443077925675884,0.388197063889486,0.40871471833799516,0.30618994018309825,0.16036446098160909,,0
CTAS,-0.08086665516295838,0.4485617703853496,0.4230061072778883,0.9029517829377665,0.2629306420509091,-0.10289376556138236,0.4914554882864639,0.7003111729282238,0.8441569901287711,0.5519853841429634,1.0346834566873109,1.5778903298270248,0.2274466402285551,-0.025635605924484123,-0.27780924151390973,-1.267947987411804,-0.26056721492315127,-0.2812710259847304,0.3130374878369686,0.45412541414626356,0.46315476933111843,-0.16702374401523787,-0.650207164507625,-0.7629159084641912,-0.9560098916666557,-0.7199433156750786,-0.44292467317089074,-0.5817120629045252,-0.5376479628411449,-0.351572080421396,-0.6482349465058921,,0
CMCSA,-0.08232431178794695,0.2443850728977022,0.3906695961165786,1.2801914289687724,1.1120927927919155,1.6507737045223483,1.2970677887876052,1.7779286005057002,1.9664488224602286,1.8065689537874772,1.933492751115414,1.7620245522285953,2.1006503985656746,0.8094375229555087,0.9177610034464099,0.4864400796281411,0.45123639930449083,0.612962718545064,1.1021975790617415,0.6090024392146564,0.6094146383457346,-0.06832882427659102,-0.016989491290831733,0.17130500484084962,0.08750446820795772,0.1467008310162135,0.31680042120635665,0.16942187520964663,0.10260876284283536,-0.09437746038553489,-0.050684849889735276,,0
TMO,1.1045263291513017,0.8330713077154498,0.013288052111686634,-0.6815397447256475,0.78750884747694,1.0390364405516543,1.270295161984179,0.9788538811799807,0.6235550980774904,0.5841413331830534,0.8946004561466754,1.1549757273430015,0.2274466402285551,0.08758871715388772,-0.11477172049267616,-0.25323831868725744,-0.14710158475171678,-1.279454842369205,-0.3259018902001922,-0.37508816205351586,-0.6703274666145065,-1.307129668906324,-1.3276983222355183,-1.608783471246968,-1.0405281565345368,-1.3443151956556145,-1.330156899975835,-0.7618332315662077,-0.7956296464987623,-0.7806361987419537,-0.6605915190683723,,0
PSA,-0.6095904911430374,-0.502442463793508,-0.49487337008781396,-0.7395568950625666,-0.5472650278011103,-1.2447839713154276,-0.8976974758569966,-0.005273229618929023,-0.1812362333947637,-0.38631963684679604,-0.3435494336486357,-0.5462151176167056,-0.23215893376145796,-0.021783258004459377,-0.07633092661974808,-0.2946792190702163,-0.08137452617026777,0.2586107751499483,0.31590528825898223,0.4570128625729191,0.46588156388623475,0.2719376484655976,0.3170464297094062,0.3885589730994764,0.2028397033551373,0.05711202415805976,-0.05720276976161076,-0.10248724015341243,-0.0700572622098066,-0.16788671579242795,-0.040750784203703865,,0
LEN,0.07550016727627286,-1.0739806629269286,-0.7630904942494927,-0.8951174115855953,-0.5152464138104921,-0.22358624154409704,-0.40656438613282875,-0.7308576372371616,-0.8472390206999695,-0.5638659451470237,-0.6212136949929192,-1.049940195243931,1.0802177126784098,1.2522452245901068,0.11952313902783408,0.7999175825407981,-0.3774610292548367,-0.03953997424477765,-0.36300924480998614,-0.8034250715095755,-0.17965166009659816,-0.3826495538882009,-0.12819682559245607,0.12837483758156243,-0.04381683170648103,0.008257588385517996,0.08367891273658123,0.22548898436359413,0.24995669644102816,0.23003576608764906,0.24300771994599699,,0
VAR,0.9829898870325567,-0.4414067877387619,-0.1516346547504128,-0.894405450466808,-0.5368396602190322,-0.6749824747148596,-0.9152966387006105,-1.313312159502401,-1.3421734774166383,-1.3444663938001662,-1.5088191238364772,-1.3960699698791466,0.2274466402285551,-0.46080066101730155,-0.2643128171809796,-0.16106839878029836,-0.5339671959906989,-0.5443677828307383,-0.33522812740391694,-0.19858162795253548,-0.5397742850350703,-0.6011131416999629,-0.8177160397615971,-0.790826560975612,-0.979404557936515,-1.031485119007488,-1.2470548215596486,-1.5274108197971732,-1.4005667551255474,-1.4811251434323627,-1.5653580938515042,,0
HST,-0.199749859161956,0.30302221647136207,0.4374270851872783,-0.31831731370431393,-0.1734432314418508,-0.1125972333464117,0.02502565602014471,-0.06605298472383454,-0.08564199776330846,0.07660294611128231,0.30113724985788853,0.2266356122074767,-0.2637030937403599,-0.09862138752246094,-0.13162544492282474,-0.23874829819836385,-0.0678969971199921,-0.5608843435382181,-0.28134427301427367,-0.4791094381890881,-0.6078434272388703,-0.36673020895328845,-0.19636060621466186,-0.14263190148324126,-0.21205057505348054,-0.14010415325296696,-0.021811720074582295,0.06034370127401948,-0.10705470351140636,-0.15291811517713547,0.00957961295775605,,0
LHX,0.6042512620055704,-0.6440155170193703,-1.0119626014115974,0.29684604710212587,-0.4476565020271987,0.1862409393192582,-0.37794753419691784,-0.9824827219099711,-1.3113181396789428,-1.1267544633739346,-0.9013211606167393,-0.8681565182939402,-2.2544234593175285,-1.2192955306248763,-0.3337391271851524,-0.6524985683129685,-0.8153344386898481,-0.48046613535987465,-0.17748612933369826,-0.16059527559127335,-0.345590054016305,-0.4394505147237887,-0.3813156462382877,-0.5004797299380401,-0.5633244875094671,-0.5742472122588642,-0.5618682180680574,-0.6338938139597692,-0.6592682137716568,-0.7855167908810619,-0.8277319442066288,,0
WEC,-0.4273902234028173,0.489234536557008,0.12892470666363942,0.41056133836954634,0.19084848249835132,-0.4743496678627729,-0.5108737055504418,-0.24896406201688961,0.10366763913984313,0.1675440817648977,0.1730163207007064,-0.36484088276095467,0.7445029109673348,0.7108765233351034,0.5601947867348948,0.6334215991694785,-0.3233048055538619,-0.2831933463011888,-0.17928634126274573,-0.4828256085464866,0.07757971547584504,0.2042784481622614,0.2506261235730788,0.17510078050016237,0.37239452185872957,0.32132213939774773,0.28520059255860175,0.42589997811995217,0.3943588098112417,0.3193829131197048,0.317838892180237,,0
WELL,-0.22963020086490635,0.07709304212519492,-0.2731928804976949,0.30552113101581485,0.043495698104124035,-0.574233844675542,-0.40977075879188013,-0.208262211409662,-0.38212088190547966,-0.3107273723994686,-0.2802499763476226,0.16551739784427918,0.2274466402285551,-0.08363823076377658,0.11952313902783408,0.5635867724700746,0.4864618320523753,0.8304059565375207,0.7826268994952883,0.350213036309345,-0.36115094441642326,0.01606285459114991,0.19628223673425768,0.3178399853578493,0.3403806750084,0.18375819509939514,0.25621974371018214,0.2817943731363074,0.4173808886277229,0.5005988908143063,0.24309123496731194,,0
HRL,-0.44687541150791965,0.35105811592882047,-0.44233789835145104,-0.6241845380186316,-0.4348701825823275,-0.6527126709145467,-0.7623200115630988,-0.4658622067849658,-0.4296976840620812,-0.5300473258410473,-0.6846499896921686,-0.12696025718270454,-0.26225730818037873,-0.3287739691130305,-0.51240002479497,0.295458170300179,0.6508282243863948,1.3730196332967626,1.615842971658802,0.7600344231768915,0.7520433993358124,0.5828483438915159,0.7351768798506298,0.36506611424469104,0.9500747605360801,1.1575988003241848,1.3139948182256096,1.3492190728611126,1.9346309171220661,1.952889406198273,2.8513783254946574,,0
WDC,5.674548245015537,4.3841095676824215,1.6751196739979355,0.6979631847461496,1.7211171256153286,4.373584319943007,3.7916932883592422,3.686442531933979,2.3699153461719327,2.502817933160073,2.7819452103913975,3.2961926859916963,-4.62838616323117,-6.459003379600352,-9.536933836814038,-7.712549574525623,-6.545598591913693,-5.938696582705974,-5.518114852194915,-5.416977581923391,-5.081287699119371,-3.952349813951533,-4.391286923537194,-3.866264298068109,-2.950086018651543,-4.368668483295738,-4.053106476359157,-3.5576801805149136,-3.602761184835003,-3.1820249341619933,-3.8101525122895596,,0
FMC,0.05433948481919091,0.07896905448271782,0.030463288810012073,-0.09104729505697944,-0.42647087665346306,0.2585853013121209,-0.12280257028708913,-0.40683419346604244,-0.3506847654709674,-0.4839978669190416,-0.21366588095600195,-0.5152657202310188,-0.05559380855291566,-0.1687146769744775,-0.18206621828417222,-0.14669772557306135,-0.054592302946993236,0.1764184679897275,0.20764871807763638,0.5409870994147697,0.5907740669173621,0.34645083035057833,0.3247188549462762,0.18860484063922156,0.017572250868727615,-0.11348015048943537,-0.0360057483003815,-0.06710859889282539,-0.14847808545840008,0.11777832508773256,0.24189066239474108,,0
CBE,0.9395940100185493,-0.10006431395285134,0.2232429241911447,-0.1865273775386899,-0.5297683305882277,-0.27309600669514095,-0.2357156224366165,-1.0351064529595686,-0.6842838514762298,-0.2907702187927477,-0.20917941635429876,0.19299177305820628,0.2274466402285551,0.7110036827257308,1.2250346983678895,1.1782146283249866,0.7669440198280096,0.7128108845592659,0.8703011224248848,0.9269320981326182,0.8260245145392764,0.7520083713885839,0.8484088788000399,0.8752672197212306,1.0189337339650226,1.2424100072707256,1.1371537935061091,1.167112575292192,1.2721911432474122,1.118120096689097,0.9925219398638507,,0
CLF,0.27620493529078594,-1.0258469362595148,-0.9619527344736574,-1.4626826858718007,-1.861374593757587,-1.459706208819981,-1.1248853323673806,-1.6446399143754362,-1.1992997675121602,-1.4021972024358529,-1.250851125641339,-1.2409082009198245,-1.1863008357222753,-0.8656988370243229,-0.28205460551345163,-0.8970477240971532,-0.8119165544624234,-0.47702442243768844,-0.4934515723960812,-1.000364322305498,-1.213590339545297,-0.6296932009441853,-0.24118048889121904,-0.2574170429964367,-0.23831634646026725,-0.25056265999456134,-0.17077639408237552,-0.02756389288119821,-0.09095504757125124,-0.5535893262670193,-0.4944630749657721,,0
OKE,-1.1014615848810714,-0.9816583981558592,-1.1967183237747168,-0.7413506675166942,-0.6723099601029783,-0.5051147062322855,-0.5382031772965153,-0.6094438269630459,-0.5782076072581039,-0.5309459176341872,-0.657893863176053,-0.8333990276862202,0.8532314780356836,0.8076684432398542,0.7872308337612798,0.8775535162536081,0.6308050483982635,0.9757555002527218,0.8893617279772076,1.1402079657091462,1.0111419262939096,0.8132112508923093,0.7766220665431572,0.5584989423797636,0.4404755721362805,0.2759244441787634,0.21822310554069857,0.2314503656156729,-0.11855368885328262,-0.06544220722418204,-0.2570952460284126,,0
TT,0.29562504953798685,-0.15561681221618395,-0.26382103898545534,0.03875733368798932,0.3544499165445037,-0.06291399113931835,0.00451477815388958,-0.34190412317945107,-0.29169552728135084,-0.25328811959118963,-0.32717484721449114,0.020905704427859453,0.04821879600623836,0.03838795367800403,-0.03303031289365791,0.24054566384809142,0.2705240620240531,0.060943418039079864,0.17665537668058634,0.3168089156690239,0.4487732720966984,0.43376627695194586,0.26891557695208035,0.37656304218427644,0.23685641631214857,0.23815306519603527,0.38322289758967565,0.4502616296128692,0.5049682356635198,0.44202818653759063,0.3248363000077147,,0
NYT,-0.28288986604660427,-0.5085948829246445,-0.05845140145532734,0.04837374286448088,0.6203361491562728,0.48088777530128685,-0.09684705563049227,0.36276031166370204,0.34470402712908393,0.5875086113144871,0.3707939424142043,0.08219001849816471,0.4402960677993594,0.5044950954330774,0.21022575039653152,-3.4157168079701037e-06,-0.22232542231763294,-0.5450368198231051,-0.37944277067995513,-0.9743687558126037,-0.4715102408972882,0.004595208904786874,0.004589237449047582,-0.22068341070837932,0.18832966355697073,0.1334575042901964,0.1185740742995445,-0.30955421938381683,-0.22965062323225874,-0.39899706190199236,-0.360781753657046,,0
TLAB,-1.9745165196221148,-2.8255846183607534,-0.8376825729421962,-0.9917193018732633,-1.1815471904868868,-0.03519151412842076,0.3064003439198915,-0.03936306329359244,-1.0474181064619952,-0.5071719131780452,-0.8935572496454198,-0.7799124088384205,-0.8987073316422654,-0.41648923077439914,-0.36037059250656484,-0.8580681622295098,-1.4581086624435826,-2.434278470075253,-1.8930807670165464,-1.767107498400763,-1.9969454178042139,-1.313908989848464,-2.8046384086393066,-3.1197692805494817,-3.3759073478476354,-3.9421312337442034,-4.03152971872195,-4.329584986340353,-4.1945339231427745,-4.066043747089547,-3.8515991170428285,,0
RRD,-0.03556961166198933,0.09791992078931996,-0.24286128937110948,-0.0017475507016491288,0.39496145254668286,-0.07512896944103237,-0.008482097794374557,0.3561865606336997,0.15698661140982145,0.270936356462185,-0.0024689311777047074,-0.31234320646645763,1.6355732569617016,1.9180624326684372,1.0940078659945562,1.9347710106177858,1.6850397880466905,2.037340119577147,2.3317161417218752,1.586326295908329,1.702767284901014,1.268922759391277,1.1740035408496863,1.0569050328143181,1.1241447440362031,0.9054392845278273,0.9292664698671927,0.814881548276963,0.6492534643288839,0.4466247969056106,0.29595980281722795,,0
PVH,0.9754296648613491,3.620105466517541,2.4730138761377067,2.458164487230106,1.8188416987262377,1.0115846223066176,1.1695498311810801,0.8810284432815324,0.14381056253952554,-0.2123953507376074,0.15409719624421384,0.2225703475542017,-0.14670463105979195,0.02881970463482097,0.2789621271429579,0.24751322353959015,0.700229373236205,1.1898975409572186,2.5556999552473076,1.9470582778401144,1.391338948468071,0.9013382092773551,1.194462011474148,1.2907768930915702,1.2341944091814232,0.9285588181418744,0.9115655719407837,0.9723426390277938,0.9786790143892337,0.9344244776168568,0.7669494559347655,,0
KSU,0.09680107576599475,-0.681694237305658,-1.1740785708316877,0.11532831199272721,-0.4849264664609739,0.29388111137022294,-0.2834504738224928,-0.21702063490232565,-0.46462182227455556,-0.6684558677401885,-0.4963980662899443,-0.3014790014787721,0.5543586153563667,0.25037862213653245,0.19079734028049197,0.0906646954988898,0.39567470098669155,0.48547417282057964,0.001588405948345937,0.25325403949594216,0.27345961646923905,0.2697324290101554,0.31488158958904444,0.2536372394641953,0.20071420025196524,0.055154884942704506,-0.005366928725876174,0.06934179060750416,0.3606470091064884,0.2732809466699138,0.15971933788045636,,0
HNZ,0.04734159634239711,0.867590760599845,0.5626310901656743,0.9646055482275998,0.5804679446219206,-0.2740209887033235,0.02175237897940909,0.2750575253088301,0.12439178847122531,0.6137742614299296,0.6355748659819236,0.35099821060478276,0.5632599306534003,-0.1478523234143826,-0.31015500879985397,0.16068649139153363,-0.11548562610410582,-0.22984052948771297,0.3276473330237061,0.6411059584486393,1.1804226396925923,0.7734568218261286,0.9260574464134619,1.1929134504174232,0.8772206246722265,0.9241355697284076,1.1911554070247894,1.39549610914016,1.4921863711363998,1.2687860632369068,1.2149540108979544,,0
AMD,3.140766531126981,1.1871307905697004,0.16075089623445735,-1.0542057128958524,-0.6831183195554664,0.0026520116246902203,-0.42672510511746636,-0.34438260681970256,-1.234809905812925,-1.553237073408712,-1.6387081917093544,-1.2571479268346044,0.2274466402285551,-0.3735396502621716,-0.3294630680699315,0.6795865271988636,0.9427831573952664,-0.740929140653258,-0.16842845925039884,0.448146461901978,0.909655104926675,0.7304883041063307,0.5235759853936844,1.4923089100781146,1.4421402345367165,1.4184965630603381,0.8927048014377329,0.5993704988361147,0.4746849382907734,0.9211567258413932,0.2965729697762237,,0
MOLX,-0.6497571858281617,-2.0881565318125013,-2.4881974998895693,-2.269656667738424,-2.097952525912979,-0.6826481454719627,-1.3579803041312766,-1.4015015983017995,-1.237481453116464,-1.410628895521876,-1.1388644906824847,-1.0818164096510245,-2.9547702410613925,-2.629906578082201,-0.9724961633276837,-1.4659960032301862,-0.9477135869805975,-0.6137682003170513,-0.2945353995062594,-0.5196146927500149,-0.45640770564563526,-0.4570302031533353,-0.3985734364876082,-0.3979572344076944,0.14277258763024062,-0.23873912025533242,-0.8499734082284426,-1.2810444510161805,-1.1145228550514947,-0.9865070906510859,-0.44568855771433236,,0
TER,0.9496499930369371,-1.2138772474799011,-1.4946863051764518,-2.091393851963595,-1.4203689044983436,-0.9308729892275772,-1.2627244430955136,-2.134260577314879,-2.1321597156020538,-1.934742227698184,-1.5316186427760068,-1.5034847798556505,1.0456455741448407,-1.4453992464343237,-0.9264667060790517,-0.7668313781301693,-1.2956180063132932,-1.5949224672245141,-1.433018551648515,-0.7461869383656649,-1.1970500569356648,-0.535809112078873,-0.002938869303417792,0.14578301957768924,-0.20420652196203753,-0.06113585958558038,0.015455768661775535,-0.4276486052447178,-0.6320738621611163,-0.7802595361435507,-0.35565605009116363,,0
SLM,-0.060106997483011244,0.8889096755240126,0.8247826884631031,-0.5486184348538791,-1.0049469244609135,-0.2970643093454144,-1.1952938734106173,-1.3805819161577142,-0.6061120367812066,-0.6899414203466263,-0.5860010108547359,-0.2592221176117554,0.49783015647990386,-0.5516142918003342,-1.0339676219875782,-0.25014139934552154,0.5812862508021049,0.2995665613381782,-0.042108675675470005,0.3732036607124028,0.12547066220061748,0.6217258419254227,0.09705296133915618,0.14987087322154677,0.11002361363734563,0.02816925731797473,-0.11951567793466605,-0.0318474585754876,0.10682883950712488,-0.11690824589330248,-0.24815337077307065,,0
JBHT,0.09514365197151807,1.0848586312991841,1.5731325096320028,1.3548211598081854,1.053897273573809,2.0943914893351887,2.6005434597631174,2.483852940263936,1.7987305747627063,0.7426376108081696,0.4437939931954058,0.36092768523344776,1.8395831309771884,0.25037862213653733,0.11952313902783408,0.09066469549889326,1.1999953330155542,0.9236985596901007,0.7826268994952826,1.476369840857465,0.909655104926675,0.8132112508922995,0.28716260557254547,0.15195021267306685,-0.19469931801056303,0.19859664529978163,0.10514837483314182,-0.08463786045299758,-0.2133882059293958,0.4055522135672658,0.25630261864080095,,0
FRT,-0.4537898618125585,0.9101664964988412,0.9526375197193301,0.8521192324864091,0.7767411029552546,0.17192321239182146,0.030644632687390955,0.280502132063409,0.06198269121525766,-0.3335305127458668,-0.45598604632794026,-0.3476531253385983,1.8492947965840936,3.1258280514523307,2.879890340264916,1.9566507165917106,1.9745547255084808,1.860897823545259,1.193544839822914,1.2027542581350534,1.6910824271935558,1.575701021267313,1.223421392653034,0.2438543953302899,0.5415501209903364,0.5374940518665896,0.6039899298912214,0.6602282227455376,0.5940910752437331,0.4840530841552401,0.48272557813283695,,0
UDR,-0.9545654662734038,-1.0739806629269297,-0.8305013554647955,-0.38031434023645583,-0.6308693232455994,-0.20987847505987034,0.3721554088564744,0.4592791712996479,0.7282848522796016,-0.03795250657738704,-0.21362269493084404,-0.037982474732840256,0.892233274035533,0.6440413416261964,0.11952313902783408,0.09066469549889326,0.5250221481288615,0.612962718545064,-0.11747906503188366,-0.4324771190222347,-0.802042839086472,-0.12628507331976432,-0.07388451497870398,-0.20042916766287802,-0.48283252971435064,-0.2963118962275,-0.21575408039264538,-0.07229368482350389,-0.040596714631712195,-0.1789610255404297,-0.30806775431339106,,0
FL,-1.0504036789891085,-1.1867670556470047,-1.065297836542368,-0.8152020844697073,-0.8880305754375636,-0.7701797311616173,-0.9470601085194105,-0.6790833975237169,-0.471806463915132,-0.22201050782858792,-0.28512256185013063,-0.5209262095168365,0.991067650508969,0.022475426475308966,0.44492885197201243,0.3313939837766466,0.27052406202405943,0.3915945123578099,0.20156079111822986,0.2752603784550726,0.5400137372993044,0.40888146865292074,0.4514826988278823,0.48465509940253354,0.4638131242363981,0.6166695865942681,0.681830188170013,0.8203435510390951,0.48803979302573197,0.4966736349797769,0.3806677954685368,,0
THC,0.3688308808483281,0.6382318406131414,1.1304828138706426,0.9254731909504356,0.9657754932476408,1.7216166262871049,1.5416757246873913,1.6357990139128553,1.0433061659783107,1.2783367200525524,1.4815611291909647,0.7181471825842399,-0.5323095126937043,0.027228097717249433,-0.5279943841335739,-1.0228062060523573,-0.7463048625730305,-0.26568546762853673,0.14072276022105945,0.4090619201688652,0.42059854949434994,0.276356208485409,0.5855991803061332,0.18535012669090098,-0.05093568188799683,-0.017741299473780184,-0.17671865133150835,-0.3440356827926683,-0.6839140661455593,-0.6726510420305554,-0.5019343133184581,,0
ALK,-0.8652389034018083,-0.8422048033705181,-0.3573894965688899,0.10976404562266294,0.6780932961316554,1.5127003994454524,1.7042305487672798,1.8554478700377823,1.8170210863290799,1.58547248667848,1.7781026017313504,2.415192050588529,-0.6589355381807536,0.25037862213653733,0.49724169420531916,0.6480371433577825,1.2885164064433228,1.2963557522356515,1.232679881758878,0.9269320981326238,0.909655104926683,-0.12628507331976432,-0.2788386024850925,-0.20042916766287802,-0.18098768798267378,0.07426852514765112,-0.12467141258332762,-0.16287435081322485,-0.12897835736599086,-0.22167622028272804,-0.2668245646393256,,0
LNT,-0.7441848519342282,-0.11438893133995152,-0.13869005121686195,-0.08252178025290964,0.04904851493074634,-0.7397070382480394,-0.7101789135656159,-0.18122155641219148,0.07733866766611303,0.0034204811403787993,-0.01561832041733453,-0.18022824590364223,-0.028699186484648347,-0.2022547738075095,-0.09704973120539108,0.09066469549890019,0.0759616284481318,0.5142196042042206,0.5238914393775579,0.40730153909130595,0.009414758273460153,0.09501918931045493,-0.03337466849000117,-0.04619832056321892,-0.025834552191356573,-0.09990366581274995,0.08179009504562001,0.17125875813387784,0.09569207140095493,0.032330926454408146,-0.009466520555447559,,0
COO,0.09579170404431231,-0.8107352362324699,-1.4917959828339624,-1.6916658390855865,-1.4761103374785265,-0.9952470950751604,0.056484784870057196,-0.015126953718171826,0.2558247254436036,0.5943065630528419,0.16679488613415056,0.06911659447251768,0.2274466402285551,0.9615112766985116,1.143018578863608,1.2653421124918305,0.423770221398991,0.612962718545064,0.10512778641032054,-0.02806505800484501,-0.7652321306130744,-0.7896570298422638,0.015369684419242387,0.06735789329237454,0.451912786616006,0.4538146018786535,0.7685263620628933,0.3338583336465313,0.11620942570329809,0.02359167210853252,-0.0379913832219214,,0
PBI,0.3584040489714335,-0.09989661900716655,-0.2923226714184777,-0.10010650450618387,0.1281687828868824,0.6797899865674344,0.21894869743429612,0.23726771776773176,-0.08224786691112325,0.14818309343619093,0.33542665248601017,-0.06505716143748815,0.7047293516797174,0.11019431833468275,0.11952313902784113,0.4908295298591275,0.7280463649209976,0.7056938963473884,0.6210694186827292,0.032928826297043336,0.141585514664379,0.42019665181337557,0.29660941243669897,0.10774584060620307,-0.08767893383094338,-0.16090751149426077,0.06489263820506057,0.35273867097442424,0.707628675580887,0.8564290087391929,0.8693047538652459,,0
DXC,0.6025995289895831,0.3374726937571782,-0.7042035087050716,1.3801846441894863,0.14987931492305293,0.30424697340871243,0.04678816840960295,-0.1514721327807163,-0.5183034832425537,-0.43393898608192044,-0.2231899928604651,0.7136659885814243,-0.16606170395149158,0.9499551955316963,0.45526711594066366,0.5859169607927549,0.2705240620240468,0.612962718545064,0.6494265651040503,0.25548322421234687,0.14891371809378423,-0.3929327641496925,-0.15367141216578423,0.25511332507358414,0.6352110580098489,0.6197534268590911,0.6848620202066389,0.8233586731435714,0.6763642135851994,0.8699316658161733,0.924719454673372,,0
SWN,0.040864935401780725,0.8320073478233925,-0.3571697637734587,-0.10976208063324908,-1.5328861663144804,-1.221082428692205,-0.7123734014189035,-0.3020620509739086,-0.3812825192016177,-0.9806679707745746,-0.8986268536004228,-0.8586490817710778,-0.11199283362160739,0.049374781832507916,0.11952313902784113,0.2331896776910669,0.5309376814162432,0.7440248750050321,0.8977093610146167,0.6952829554441126,0.4720465938099252,0.4929588067613482,0.6126333273965329,0.39288174675592846,0.10713377612866322,0.040114422717362846,0.11499848917979032,-0.0909091964341886,-0.4655594822903185,-0.92023409476649,-0.8973422054334794,,0
TGNA,-0.8706614722654075,-0.13394496663537667,-0.7400413125754319,-0.6141042884868116,-0.4848268899418379,-0.04792235069770337,0.27629644603640774,0.18808309313968727,0.4100110131731459,0.28280764641124784,0.2324773748933483,-0.027979408470925945,-0.2626104102928321,-0.039815526486104084,-0.08930736951156393,0.22719641218148215,0.33237785352363536,0.6129627185450705,0.5064160788152394,0.8709125556027458,0.9096551049266883,0.4675289319539096,0.4716969007207201,0.47911013407244174,0.24342540335917523,0.16256479660563386,0.03453027377790815,0.07697200010176838,0.0722663870173221,0.1839371232847448,0.012205717559320943,,0
R,0.4852322813093182,0.6409213793677343,0.7315432696377603,-0.3465360821146995,-0.17587669963375635,0.50701613978753,0.19512924483328847,-0.5299878647476025,-0.8389240736634286,-0.241118566829857,0.012715980259797408,0.08393755890785853,-0.096502720133268,0.058547469565567306,0.11952313902783408,-0.045138612498730926,1.6467068355603764,1.2434107761518236,0.8931662284723068,0.7043387760253872,0.490078900124013,0.5824577677524984,0.47086187549879965,0.4055255748742844,0.7245468372123622,0.400964422938902,0.46976284048801464,0.3424704173399555,0.10412589951296289,0.15151969167630008,0.07180372952669249,,0
MUR,1.3067674479797615,1.1234017439510486,-0.2754370019262564,-0.4156276552636183,-0.8552045158465093,-0.7676129437589356,-0.5922732128922951,-0.31730043701231603,-0.0740881591981987,-0.8854396225976136,-0.8145359705595006,-0.7539429098415248,0.5498618612863839,0.8229697494926096,1.2184080036185814,1.306855778872382,1.0109846379700766,0.8615420801271627,0.6735923278138763,0.9269320981326238,0.909655104926683,0.8891523874038327,0.8484088788000437,0.9906984472944068,1.0172627791812578,0.7396255823106922,0.6702512767269168,0.7429323090839808,1.0119640389743394,0.842356853358614,1.2779644156623517,,0
EVRG,-1.413160555498987,-0.9400030072707698,-0.1741091062810342,-0.1346168064192872,-0.14940621280749874,-0.49878726759433867,-0.7011860794386563,-0.2647829685859343,0.07248855096978803,-0.02518328397861652,-0.09572211549304048,-0.6533190104683776,-0.2825266678973493,-0.051609217471966035,0.33684066392446965,0.09066469549890019,0.07529265350529198,0.02318516892169565,-0.25311147064555733,-0.11590236982178453,-0.07515741080691005,-0.02761650958972636,-0.0949414417773016,-0.2209805760378852,-0.31743809588877164,-0.2616194770538289,-0.1816467405674983,0.06585547995227346,0.14464152287985857,0.128237292811715,0.3682075613010965,,0
ROL,-0.10840512335956234,0.2684757555191679,0.40463273158517044,0.6842968835271562,0.4504120018734052,0.7233240989465488,0.8895037964453503,0.4506896986316824,0.5736588576721033,0.018143472387730526,-0.010730448131304249,0.763848146053422,-1.3572215923454505,-0.6880048744622834,-0.21784238532004926,-0.24121953514760083,-0.0325547924559865,0.0020799316216604633,-0.02153662784614484,0.38685590627809674,0.39962804930837137,0.4399611723738369,0.4819933082721949,0.5210591309770617,0.3647893544849048,0.20623343106927539,0.11574501887997683,0.5811250933222725,0.4388218300405242,0.41259428643530804,0.26310201517281917,,0
EQT,0.9126975242244793,0.5074261261291347,0.568104589935657,0.5056924643077055,0.8775361165044049,0.025333172151623392,0.6323264000757284,0.8419030578154744,1.275081059429626,0.8908792062112602,0.8174986516655711,0.8454362315856448,-0.1659007062311541,-0.6787681932153393,-1.3005763879120722,-1.2242762568753576,-0.9302886333491369,-0.6717056020276432,-0.6770062760184609,-1.6111420973688781,-1.045774835708931,-0.47932167562157957,-0.3299043265248497,-0.45030265345224973,-0.3878365292782694,-0.4048512223296594,-0.5237910920228849,-1.0194264949228735,-1.0428332224252994,-1.019585115282043,-1.0830112228283104,,0
TFX,0.8231209970643171,0.16279052208309794,0.6224438614747126,-0.3791765885599458,0.5591339300698626,0.4482659577185911,0.04597721499222919,-0.25616619297389304,-0.23863615508599645,-0.596783582980474,-0.7484492515797568,-0.014797736809330693,-0.33052576148937834,0.4116507434583695,0.7082909680992032,1.0179446854777154,0.9062584193204203,1.2531292680812651,1.1558709465219925,1.3027333317446463,1.2645472471237165,0.7474993124337196,0.783900178583917,0.38642144137971013,0.3475437339700173,0.0737147538872339,0.03472528754582247,-0.1069372136929737,0.6435666146938861,0.7705555680865431,0.9178031786655042,,0
FLR,-0.2534577077785012,0.7738697327217812,-0.3002362052309301,-0.3927346115876385,-1.1025450012885485,0.1405270295252388,0.056934812331983865,0.18980786251909149,0.07640806410062022,-0.6178664998069286,-0.7034756512000181,-0.7540143375318269,0.7958138385978772,0.25037862213653733,-0.12267807192566861,-1.10066572740561,-1.4701651375936413,-1.3589652717987584,-1.1412637117078275,-1.0101395598997513,-0.7367108564905558,-0.5255112467126842,-0.5972214788786081,-0.7112022622228888,-0.9528809855407865,-0.41300229608799977,-0.6809014450066497,-0.8833709459375679,-0.7186390882801852,-0.37753777056379,-0.605585420282808,,0
MAT,3.5238934451037016,1.6052936462382184,3.1224389907819203,1.8254785618759921,0.3449764861254886,0.9865553342156009,1.0739153964719534,1.6337475246620798,0.9715639515130505,0.7744156867906763,1.7548745264455565,1.3938722446072522,-0.39302088465796403,-1.219295530624881,-1.466894792717614,-0.9497638738377114,-1.1546652201629335,-0.10459996683005,-0.05747200073007675,-0.5533134938804505,-1.0873258297553385,-0.2097958576941748,-0.5862697337446795,-1.2606078210351148,-1.388367054909386,-1.0189437179090475,-0.7986831543722861,-0.39838408238649786,-1.3486450270990227,-1.0759801151286874,-0.9432128752940186,,0
TYL,-0.3155369780381509,-0.035807919861883156,-0.4331319979096909,-0.3133381611256545,-0.20191285026195108,0.13748626031135086,-0.09166885424136166,-0.7793489943289226,-0.7939224583658993,-0.6163898540562117,-0.6709405859222277,-0.39863071962443974,0.2274466402285551,0.25037862213653733,0.11952313902783408,-0.18802152843054673,-0.23847211018558268,-0.4121268319908041,-0.7925585384272531,0.24722748955520066,0.48173061892339925,1.2829594129983422,0.8484088788000476,1.4498489248505122,1.328236520675718,1.232332341945002,0.7406139316052046,1.014674307053143,0.6222656058753792,0.20547572714025972,-0.1843381852911822,,0
HRB,-0.6813880371051441,-0.6306020069700379,-0.650184057074854,-0.8692113551467578,-0.5828808511012332,-0.5899405522294379,-0.789357092102911,-0.43441412021934706,-0.42372660530378375,-0.2306130441615634,-0.34655923984390513,-0.3053213371223731,-0.25311321150997007,-0.03419162716222276,0.3896629681083623,0.3564154698694133,0.5132094108172218,0.7351513658761752,0.8899177505265428,0.3798330485480085,0.13631176026816716,0.1340697168834689,0.29282062181348395,0.049022370927318745,0.03513686636900926,-0.2319615882312273,-0.11886773806210858,-0.10759551537539043,0.11662599890575262,-0.05257519940508963,-0.0661477318280767,,0
